isbn,title,author,genre,editor,publication_year,edition,list_price_usd,rating,citation,number_of_pages,language,printing_location
9781984854032,"Dare to Lead: Brave Work. Tough Conversations. Whole Hearts.","Brené Brown
","Nonfiction, Leadership, Business, Self Help, Personal Development, Psychology, Management, Education","Random House International
",2018,First,16.47,4.2,"Brown, B. (2018). Dare to lead: brave work. tough conversations. whole hearts.. Random House International
.",298,English,"New York, United States"
9781781251492,"The Obstacle Is the Way: The Timeless Art of Turning Trials into Triumph","Ryan Holliday","Philosophy, Nonfiction, Self Help, Business, Personal Development, Psychology, Leadership, Productivity, History","Profile Books",2015,Second,11.62,4.15,"Holliday, R. (2015). The obstacle is the way:  the timeless art of turning trials into triumph. (Second ed.). Profile Books.",201,English,"London, Croydon, CR0 4JJ, United Kingdom"
9781422187609,"HBR Guide to Managing Up and Across (HBR Guide Series)","Harvard Business Review","Business, Management, Leadership, Nonfiction, Self Help","Harvard Business Review Press",2013,First,14.78,3.72,"Review, HB. (2013). Hbr guide to managing up and across (hbr guide series). Harvard Business Review Press.",192,English,"Boston, Massachusetts, United States"
9781789667042,"Redefining HR: Transforming People Teams to Drive Business Performance
","Lars Schmidt","Nonfiction, Business, Personnel management",KoganPage,2021,First,26.31,4.24,"Schmidt, L. (2021). Redefining hr:  transforming people teams to drive business performance
. KoganPage.",252,English,"London, Croydon, CR0 4YY, United Kingdom"
9781861979780,"The 33 Strategies of War","Robert Greene","Psychology, Nonfiction, History, Business, Philosophy, Self Help, War, Politics, Leadership, Personal Development","Profile Books",2007,First,20.59,4.21,"Greene, R. (2007). The 33 strategies of war. (First Paperback ed.). Profile Books.",470,English,Italy
9780190229238,"Strategy: A History","Lawrence Freedman","History, Nonfiction, Business, Politics, War, Military Fiction, Philosophy, Military History, Psychology, Economics","Oxford University Press",2015,First,24.95,3.97,"Freedman, L. (2015). Strategy:  a history. Oxford University Press.",751,English,"New York, NY 10016, United States"
9780978440749,"The Coaching Habit: Say Less, Ask More & Change the Way You Lead Forever","Michael Bungay Stanier","Leadership, Business, Nonfiction, Management, Self Help, Personal Development, Psychology, Communication","Page Two Books",2016,First,16.95,4.02,"Stanier, MB. (2016). The coaching habit:  say less, ask more & change the way you lead forever. Page Two Books.",227,English,"Toronto, M6R 1E6, Canada"
9781788166331,"Discipline is Destiny
","Ryan Holliday","Philosophy, Self Help, Nonfiction, Personal Development, Psychology, Productivity, Leadership, Business, History","Profile Books",2022,First,14.99,4.3,"Holliday, R. (2022). Discipline is destiny
. Profile Books.",312,English,"London, EC1A 7JQ, United Kingdom"
9780753552896,"The Making of a Manager: How to Crush Your Job as the New Boss","Julie Zhuo","Management, Leadership, Nonfiction, Self Help, Personal Development, Design, Audiobook, Business, Productivity","Virgin Books",2019,First,14.99,4.22,"Zhuo, J. (2019). The making of a manager:  how to crush your job as the new boss. Virgin Books.",260,English,"London, SW1V 2SA, United Kingdom"
9780670919536,"The Personal MBA","Josh Kaufman","Business, Nonfiction, Self Help, Entrepreneurship, Finance, Management, Personal Development, Economics, Leadership","Penguin Random House UK",2020,Second,12.99,4.11,"Kaufman, J. (2020). The personal mba. (Second ed.). Penguin Random House UK.",464,English,"United Kingdom"
9788483194195,"La habitación de Pascal: Ensayos para fundamentar éticas de suficiencia y políticas de autocontención","Jorge Riechman","Social sciences, Ethics, Socio-ecological crises, Political philosophy","Los Libros de la Catarata",2009,First,19.0,4.5,"Riechman, J. (2009). La habitaci¢n de pascal:  ensayos para fundamentar éticas de suficiencia y políticas de autocontención. Los Libros de la Catarata.",317,Spanish,"Madrid, 28004, Spain"
9788498462050,"Tenir o Ésser","Erich Fromm","Philosophy, Psychology, Nonfiction, Sociology, Self Help, Politics, German Literature, Psychoanalysis, Personal Development, Classics","Claret Editorial",2011,Seventh,12.49,4.19,"Fromm, E. (2011). Tenir o ésser. (Seventh Edition ed.). Claret Editorial.",273,Catalan,"Barcelona, 08010, Spain"
9788499883052,"Focus: Desarrollar la atención para alcanzar la excelencia","Daniel Goleman","Psychology, Nonfiction, Self Help, Business, Personal Development, Productivity, Leadership, Science, Education","Editorial Kairós",2013,Fourth,18.0,3.56,"Goleman, D. (2013). Focus:  desarrollar la atención para alcanzar la excelencia. (Fourth edition ed.). Editorial Kairós.",357,Spanish,"Capellades, 08786, Spain"
9788492819577,"La inteligencia no verbal","Joe Navarro","Psychology, Nonfiction, Business, Self Help, Communication, Leadership, Personal Development, Relationships, How To, Education","Viceversa Editorial",2011,First,16.0,3.85,"Navarro, J. (2011). La inteligencia no verbal. (First edition ed.). Viceversa Editorial.",248,Spanish,"Barcelona, 08017, Spain"
9781633690769,"HBR Guide to Negotiating (HBR guide series)","Jeff Weiss","Business, Nonfiction, Communication, Management","Harvard Business Review Press",2016,First,12.99,3.68,"Weiss, J. (2016). Hbr guide to negotiating (hbr guide series). (First edition ed.). Harvard Business Review Press.",177,English,"Boston, Massachusetts, United States"
9781633692152,"HBR Guide to Dealing with Conflict (HBR Guide Series)
","Amy Gallo","Business, Leadership, Nonfiction, Self Help, Communication, Psychology, Relationships, Management","Harvard Business Review Press",2017,First,14.19,3.82,"Gallo, A. (2017). Hbr guide to dealing with conflict (hbr guide series)
. (First edition ed.). Harvard Business Review Press.",193,English,"Boston, Massachusetts, United States"
9781625275325,"HBR Guide to Office Politics (HBR Guide Series)
","Karen Dillon
","Business, Management, Leadership, Nonfiction, Self Help, Politics, Reference, Communication, Economics, Finance","Harvard Business Review Press",2014,First,14.78,3.77,"Dillon, K. (2014). Hbr guide to office politics (hbr guide series)
. (First edition ed.). Harvard Business Review Press.",175,English,"Boston, Massachusetts, United States"
9780141981802,"Life 3.0: Being Human in the Age of Artificial Intelligence","Max Tegmark","Science, Nonfiction, Artificial Intelligence, Technology, Philosophy, Business, Futurism, Computer Science, Physics","Penguin Random House",2018,Second,10.99,4.02,"Tegmark, M. (2018). Life 3.0:  being human in the age of artificial intelligence. (Second ed.). Penguin Random House UK.",364,English,"United Kingdom"
9780241481950,"Hold Successful Meetings","Caterina Kostoula","Business, Nonfiction","Penguin Random House",2021,First,9.99,4.17,"Kostoula, C. (2021). Hold successful meetings. Penguiin Rnadom House UK.",202,English,Italy
9788416029747,"Rompe la barrera del NO","Chris Voss","Business, Nonfiction, Psychology, Self Help, Communication, Personal Development, Leadership, Management","Penguin Random House",2019,Third,18.9,4.36,"Voss, C. (2019). Rompe la barrera del no. (Third ed.). Penguin Random House.",349,Spanish,"Romanya Valls, Barcelona, Spain"
9780061241895,"Influence: The Psychology of Persuasion","Robert B. Cialdini
","Science, Leadership, Nonfiction, Management, Communication, Self Help, Personal Development, Business, Psychology","Harper Collins ",2006,Third,18.99,4.21,"Cialdini, RB. (2006). Influence:  the psychology of persuasion. (Third ed.). Harper Collins .",320,English,"New york, NY 10022, United States"
9788493664923,"Cómo ganar amigos e influir sobre las personas","Dale Carnegie","Leadership, Personal Development, Nonfiction, Business, Psychology, Classics, Relationships, Self Help, Communication","Elipse (Edhasa)",2019,Eighteenth,14.72,4.22,"Carnegie, D. (2019). Cómo ganar amigos e influir sobre las personas. (Eighteenth ed.). Elipse (Edhasa).",303,English,"08007, Barcelona, Spain"
9788483560815,"¡Si! ","Noah J. Goldstein
, 
Steve J. Martin
, 
Robert B. Cialdini
","Psychology, Business, Nonfiction, Self Help, Communication, Personal Development, Science, Leadership, Social","LID Editorial",2008,First,13.93,3.97,"Cialdini, NJG,SJM,RB. (2008). ¡si! . LID Editorial.",255,Spanish,"28023, Madrid, Spain"
9788499987217,"Manual de negociación del Kremlin","Igor Ryzov","Business, Nonfiction, Psychology, Self Help, Politics, Management, Economics, Personal Development","Ediciones Temas de Hoy",2019,First,18.9,3.93,"Ryzov, I. (2019). Manual de negociación del kremlin. Ediciones Temas de Hoy.",392,Spanish,"Barcelona, Spain"
9798846515932,"Managing Negative Emotions","Vicenzo Venezia","Nonfiction, Psychology, Self Help, Personal Development","Amazon Italia Logistica",2022,First,23.66,0.0,"Venezia, V. (2022). Managing negative emotions. Amazon Italia Logistica.",192,English,Italy
9781422157992,"HBR's 10 Must Reads on Managing Yourself","Harvard Business Review
","Business, Nonfiction, Self Help, Management, Leadership, Personal Development, Productivity, Psychology","Harvard Business Review Press",2010,First,24.95,3.95,"Review, HB. (2010). Hbr's 10 must reads on managing yourself. Harvard Business Review Press.",198,English,"Boston, Massachusetts, United States"
9780470749463,"Happiness at Work: Maximizing Your Psychological Capital for Success","Jessica Pryce-Jones",Business,Wiley-Blackwell,2010,First,23.76,4.05,"Pryce-Jones, J. (2010). Happiness at work:  maximizing your psychological capital for success. Wiley-Blackwell.",254,English,"Chichester, West Sussex, PO19 8SQ, UK"
9781781259191,"Laws Of Human Nature","Rober Greene","Psychology, Nonfiction, Self Help, Philosophy, Personal Development, Business, History, Science, Sociology, Leadership","Profile Books",2018,First,18.99,4.37,"Greene, R. (2018). Laws of human nature. Profile Books.",624,English,"London, UK"
9780671510992,Diplomacy,"Henry Kissinger","History, Politics, Nonfiction, International Relations, Political Science, World History, Philosophy, American History, War, Military Fiction","Simon & Schuster",1994,First,18.71,4.25,"Kissinger, H. (1994). Diplomacy. Simon & Schuster.",912,English,"New York, United States"
9780670923175,"Leaders Eat Last","Simon Sinek","Leadership, Business, Nonfiction, Self Help, Management, Personal Development, Psychology, Philosophy","Penguin Random House",2019,First,14.72,4.1,"Sinek, S. (2019). Leaders eat last. Penguin Random House.",350,English,"United Kingdom"
9781647823351,"HBR Guide to Smarter Networking (HBR Guide Series)","Harvard Business Review","Business, Nonfiction, Leadership","Harvard Business Review Press",2022,First,15.75,3.66,"Review, HB. (2022). Hbr guide to smarter networking (hbr guide series). Harvard Business Review Press.",265,English,"Boston, Massachusetts"
9780137901234,"Exam Ref PL-300 Power BI Data Analyst","Daniil Maslyuk","Informatics, Software, Microsoft","Microsoft Press",2023,First,27.38,3.45,"Maslyuk, D. (2023). Exam ref pl-300 power bi data analyst. Microsoft Press.",208,English,"United States"
9788445817599,"Atlas de anatomía humana","Frank H. Netter","Medicine, Medical, Reference, Science, Nonfiction, Textbooks, Health, Biology, School, Education","Elsevier Masson",2007,Third,52.79,4.51,"Netter, FH. (2007). Atlas de anatomía humana. (Third ed.). Elsevier Masson.",600,Spanish,"08021, Barcelona, Spain"
9788445819517,"Netter. Anatomía radiológica esencial","Edward C. Weber DO","Medicine, Anatomy","Elsevier Masson",2009,First,50.0,4.8,"DO, ECW. (2009). 	netter. anatomía radiológica esencial. Elsevier Masson.",478,Spanish,"08021, Barcelona, Spain"
9780781714716,"Anesthesiologist's Manual of Surgical Procedures","Richard A. Jaffe","Medicine, Anaesthesia","Lippincott Williams & Wilkins",1999,Second,102.81,4.56,"Jaffe, RA. (1999). Anesthesiologist's manual of surgical procedures. (Second ed.). Lippincott Williams & Wilkins.",1158,English,"United States"
9788498350685,"Anatomía de la Cabeza","José Luis Velayos","Odontology, Medicine","Editorial Médica Panamericana",2007,Fourth,102.74,4.0,"Velayos, JL. (2007). Anatomía de la cabeza. (Fourth ed.). Editorial Médica Panamericana.",322,Spanish,"Madrid, Spain"
9782224032012,"L'infirmiere de bloc operatoire","G. Samama","Nursing, Operating room, Perioperative Nursing",MALOINE,2011,Fifth,15.0,4.0,"Samama, G. (2011). L'infirmiere de bloc operatoire. (Fifth ed.). MALOINE.",621,"Français","Paris, France"
9780323043106,"Instrumentation for the Operating Room: A Photographic Manual","Shirley M. Tighe","Nursing, Operating room, Perioperative nursing",Mosby,2007,First,113.8,4.67,"Tighe, SM. (2007). Instrumentation for the operating room:  a photographic manual. Mosby.",342,English,Canada
8448606426,"BIOQUIMICA Y BIOLOGIA MOLECULAR EN C.C. DE LA SALUD + CD","J.A.;GAL LOZANO","Biochemistry, Medicine","McGraw-Hill Interamericana de España",2005,Third,242.0,4.5,"LOZANO, J. (2005). Bioquimica y biologia molecular en c.c. de la salud + cd. (Third ed.). McGraw-Hill Interamericana de España.",782,Spanish,"28028, Madrid, Spain"
9780415956239,"The International Migration of Health Workers","John Connell
 (Editor)","Migration studies, Healthcare",Routledge,2008,First,31.44,4.0,"(Editor), JC. (2008). The international migration of health workers. Routledge.",228,English,"New York, United States"
9788445819135,"Medicina preventiva y salud pública","PIÉDROLA GIL","Preventive Medicine, Healthcare, Medicine","Elsevier España",2008,Eleventh,101.2,4.5,"GIL, P. (2008). Medicina preventiva y salud pública. (Eleventh ed.). Elsevier España.",1390,Spanish,"08021, Barcelona, Spain"
9780323039277,"Alexander's Care of the Patient in Surgery","Jane C. Rothrock","Nursing, Operating room, Perioperative Nursing",Mosby,2006,Thirteenth,76.25,4.32,"Rothrock, JC. (2006). Alexander's care of the patient in surgery. (Thirteenth ed.). Mosby.",1280,English,China
9788466782579,"Biología","Concepción Plaza Escribano
, 
Francisco Javier Medina Domínguez
, 
Jesús Hernández Gómez
, 
Jesús Martínez Casillas
, 
Juan José Martínez-Aedo Ollero
, 
Pilar Castro Ortiz",Biology,"ANAYA EDUCACIÓN",2009,First,32.0,4.0,"Ortiz, CPE,FJMD,JHG,JMC,JJMO,PC. (2009). Biología. ANAYA EDUCACIÓN.",375,Spanish,"45007, Toledo, Spain"
9789500601573,Fisiopatologia,"Carol Mattson Porth","Textbooks, Nursing, Reference, Medicine, Medical, Education","Editorial Médica Panamericana",2006,Seventh,273.22,3.99,"Porth, CM. (2006). Fisiopatologia. (Seventh ed.). Editorial Médica Panamericana.",1582,Spanish,"Buenos Aires, Argentina"
9788484434290,"Les Clés du nouveau DELF B2 Livre de l'élève + CD","Marie Bretonnier
, 
Emmanuel Godard
, 
Philippe Liria
, 
Jean Paul Sigé
, 
Marion Mistichelli
","Languages, French","Difusión, Centro de investigacion y publicaciones de Idiomas",2007,First,10.0,4.38,"Mistichelli, MB,EG,PL,JPS,M. (2007). Les clés du nouveau delf b2 livre de l'élève + cd. Difusión, Centro de investigacion y publicaciones de Idiomas.",177,"Français","Barcelona, España"
9783464207079,"Studio D A1: Deutsch Als Fremdsprache: Kurs- Und Ubungsbuch","Hermann Funk
, 
Christina Kuhn
, 
Silke Demme","Languages, German",Cornelsen,2005,First,10.95,3.99,"Demme, HF,CK,S. (2005). Studio d a1:  deutsch als fremdsprache:  kurs- und ubungsbuch. Cornelsen.",255,German,"Augsburg, Germany"
9788466782678,"Química","Sabino Zubiaurre Cortés
, 
Jesús María Arsuaga Ferreras
, 
Benito Garzón Sánchez",Chemistry,"ANAYA EDUCACIÓN",2009,First,5.0,4.0,"Sánchez, SZC,JMAF,BG. (2009). Química. ANAYA EDUCACIÓN.",431,Spanish,"Madrid, España"
9780721696937,"Surgical Technology: Principles and Practice","Joanna Kotcher Fuller","Nursing, Perioperative Nursing, Operating Room","Elsevier Saunders",2005,Fourth,103.0,4.0,"Fuller, JK. (2005). Surgical technology:  principles and practice. (Fourth ed.). Elsevier Saunders.",984,English,"United States"
9788448136574,"Principios De Economía","ROBERT FRANK
,
BEN BERNANKE","Economy, Political Economy","McGraw-Hill Interamericana de España ",2003,First,190.0,4.5,"BERNANKE, RF,B. (2003). Principios de economía. McGraw-Hill Interamericana de España .",723,Spanish,"Madrid, Spain"
9788448137502,"SPSS 11: GUIA PARA EL ANALISIS DE DATOS","Antonio Pardo Merino, Miguel Ángel Ruiz Díaz","Statistics, Software",MCGRAW-HILL,2002,First,55.0,4.0,"Díaz, APMMÁR. (2002). Spss 11:  guia para el analisis de datos. MCGRAW-HILL.",715,Spanish,"Madrid, Spain"
9780199232680,"The Complete Recovery Room Book","Anthea Hatfield, Michael Tronson","Perioperative Nursing, Nursing, Operating Room","Oxford University Press",2009,Fourth,52.17,4.38,"Tronson, AHM. (2009). The complete recovery room book. (Fourth ed.). Oxford University Press.",674,English,"Hampshire, United Kigndom"
9788448604608,"Microbiologia oral","J. Liébana Ureña","Oral Microbiology, Dentistry",McGraw-Hill,2002,Second,50.0,4.0,"Ureña, JL. (2002). Microbiologia oral. (Second ed.). McGraw-Hill.",677,Spanish,"Madrid, Spain"
9788483220351,"Análisis multivariante de datos","Joseph Hair
, 
Ronald L. Tatham",Statistics,"Pearson Prentice Hall",2000,Fifth,240.0,4.0,"Tatham, JH,RL. (2000). Análisis multivariante de datos. (Fifth ed.). Pearson Prentice Hall.",832,Spanish,Spain.
9780745646015,"The Sociology of Health and Illness","Sarah Nettleton","Sociology, Sociology of Health",Polity,2019,Third,60.39,3.71,"Nettleton, S. (2019). The sociology of health and illness. (Third ed.). Polity.",344,English,"Cambridge, United Kingdom"
9780465094257,"Lost in Math: How Beauty Leads Physics Astray","Sabine Hossenfelder","Science, Physics, Nonfiction, Mathematics, Philosophy, Popular Science, History",Hachette,2018,First,12.0,4.07,"Hossenfelder, S. (2018). Lost in math:  how beauty leads physics astray. Hachette.",291,English,"United States"
9788480864626,"MOSBY, Diccionario de Odontología","Margaret J. Fehrenbach Charles A. Babbush","Odontology, Dentistry","Elsevier Mosby",2003,First,25.07,4.17,"Babbush, MJFCA. (2003). Mosby, diccionario de odontología. Elsevier Mosby.",789,Spanish,"08021, Barcelona, Spain"
9780071748872,"Harrison's Principles of Internal Medicine, Volume 2","Dan L. Longo
 (editor)
, 
M.D. Fauci, Anthony S.
 (Editor)
, 
M.D. Kasper, Dennis L.
 (Editor)
, 
M.d. Hauser, Stephen L.
 (Editor)
, 
Ph.D. Jameson, J. Larry, M.D.
 (Editor)","Internal Medicine",McGraw-Hill,2012,Eighteenth,87.99,4.76,"(Editor), DLL(,MFAS(,MKDL(,MHSL(,PJJLM. (2012). Harrison's principles of internal medicine, volume 2. (Eighteenth ed.). McGraw-Hill.",3610,English,"United States"
9780071632447,"Harrison's Principles of Internal Medicine, Vol. 1","Dan L. Longo
 (editor)","Internal Medicine, Medicine, Medical, Reference, Science, Textbooks, Nonfiction, Health",McGraw-Hill,2012,Eighteenth,61.99,4.36,"(editor), DLL. (2012). Harrison's principles of internal medicine, vol. 1. (Eighteenth ed.). McGraw-Hill.",1796,English,"United States"
9780198755500,"Computational Chemistry","Jeremy Harvey","Chemistry, Computational Chemistry","Oxford University Press",2018,First,36.39,4.67,"Harvey, J. (2018). Computational chemistry. Oxford University Press.",152,English,"Great Britain"
9788425419416,"Manual de recerca en ciències socials","Raymond Quivy","Sociology, Academic, Nonfiction, Social Science","Herder Editorial",1997,Second,19.47,3.57,"Quivy, R. (1997). Manual de recerca en ciències socials. (Second ed.). Herder Editorial.",280,"Català","Barcelona, Spain"
9780008310684,"The Tangled Tree: A Radical New History of Life","David Quammen","Science, Nonfiction, Biology, History, Evolution, Nature","Simon & Schuster",2018,First,8.43,3.97,"Quammen, D. (2018). The tangled tree:  a radical new history of life. Simon & Schuster.",480,English,"London, Great Britain"
9780062300478,"Higgs Discovery: The Power of Empty Space","Lisa Randall","Science, Physics, Nonfiction, Popular Science, Nature, Quantum Mechanics, Astronomy","Harper Collins",2012,First,5.28,3.58,"Randall, L. (2012). Higgs discovery:  the power of empty space. Harper Collins.",112,English,"New York, USA"
9781250098962,"Chasing New Horizons: Inside the Epic First Mission to Pluto","Alan Stern
, 
David Grinspoon","Science, Nonfiction, Space, Astronomy, History,Technology, Physics, Engineering, Popular Science",Picador,2018,First,8.42,4.36,"Grinspoon, AS,D. (2018). Chasing new horizons:  inside the epic first mission to pluto. Picador.",320,English,"New York, United States"
9780745623115,Sociology,"Anthony Giddens
, 
Karen Birdsall","Sociology, Nonfiction, Philosophy, Social Science, Science Textbooks, Academic School, Society",Polity,2004,Fourth,16.49,3.97,"Birdsall, AG,K. (2004). Sociology. (Fourth ed.). Polity.",750,English,"Cambridge, United Kingdom"
9788431646905,Logos,"J. de Echano, E. Martínez, P. Montarelo, L. Navlet",Philosophy,"Vicens Vives",2001,First,24.75,4.0,"Navlet, JdEEMPML. (2001). Logos. Vicens Vives.",332,Catalan,"08017 Barcelona, Spain"
9782707300812,"Les héritiers. Les étudiants et la culture","Pierre Bourdieu
, 
Jean-Claude Passeron","Nonfiction, Sociology, Education, Philosophy, Cultural, Social Science, School, Politics",MINUIT,2022,Third,14.5,4.1,"Passeron, PB,J. (2022). Les héritiers. les étudiants et la culture. (Third ed.). MINUIT.",14.5,"Français",France
9788490299104,"Genómica computacional","Enrique Blanco García",Genomics,"Editorial UOC",2013,First,24.7,4.0,"García, EB. (2013). Genómica computacional. Editorial UOC.",250,Spanish,"08018, Barcelona, Spain"
9788448137939,"Estratificación social y desigualdad","Harold R. Kerbo",Sociology,McGraw-Hill,2003,Fifth,25.61,3.86,"Kerbo, HR. (2003). Estratificación social y desigualdad. (Fifth ed.). McGraw-Hill.",529,Spanish,"Madrid, Spain"
9788483069233,"Largo Caballero. El tesón y la quimera","Julio Aróstegui Sánchez","Politics, Socialism, History, II República",Debate,2013,First,32.9,4.5,"Sánchez, JA. (2013). Largo caballero. el tesón y la quimera. Debate.",966,Spanish,"08205, Sabdell, Barcelona"
9788416748846,"La penúltima bondad: Ensayo sobre la vida humana","Josep Maria Esquirol",Philosophy,Acantilado,2018,First,13.3,4.19,"Esquirol, JM. (2018). La penúltima bondad:  ensayo sobre la vida humana. Acantilado.",192,Spanish,"08006, Barcelona, Spain"
9788491043379,"Historia verdadera de la conquista de la Nueva España","Bernal Díaz del Castillo","History, Nonfiction, Classics, Spain, Spanish Literature, War, Historical, Memoir, Latin American, History, Biography","Alianza editorial",2016,Fourth,15.67,4.12,"Castillo, BDd. (2016). Historia verdadera de la conquista de la nueva españa. (Fourth ed.). Alianza editorial.",613,Spanish,"Madrid, Spain"
9788490656877,"Historia de la decadencia y caída del Imperio romano","Edward Gibbon","History, Roman Empire","Alba Editorial",2022,Second,13.3,3.67,"Gibbon, E. (2022). Historia de la decadencia y caída del imperio romano. (Second ed.). Alba Editorial.",505,Spanish,"08002, Barcelona, Spain"
9782070134588,"L'Art français de la guerre","Alexis Jenni","Fiction, France, Roman, War, French, Literature, Novels, Literature, Historical Fiction",Gallimard,2011,First,10.14,3.61,"Jenni, A. (2011). L'art français de la guerre. Gallimard.",633,"Français",France
9781614274407,"Encounters; Two Studies in the Sociology of Interaction","Erving Goffman","Sociology, Nonfiction, Philosophy, Psychology, Anthropology","Martino Fine Books",2013,First,14.8,3.96,"Goffman, E. (2013). Encounters; two studies in the sociology of interaction. Martino Fine Books.",154,English,"CT 06250, United States"
9788483345030,"Mé enllà de l'escola: Transformacions socials i noves dinàmiques educatives i professionals","Josep Alsinet, Clara Riba, Montserrat Ribera, Joan Subirats","Education, Sociology of Education","Editorial Mediterrània",2003,First,12.0,3.5,"Subirats, JACRMRJ. (2003). Mé enllà de l'escola:  transformacions socials i noves dinàmiques educatives i professionals. Editorial Mediterrània.",229,"Català","Capellades, Barcelona, Spain"
9788474763645,"Teoría de juegos","Ignacio Sánchez-Cuenca","Sociology, Political Theory, Games Theory","Centro de Investigaciones Sociológicas",2009,First,7.81,3.0,"Sánchez-Cuenca, I. (2009). Teoría de juegos. Centro de Investigaciones Sociológicas.",142,Spanish,"28850, Madrid, Spain"
9780199552580,"The Theory of the Leisure Class","Thorstein Veblen
, 
Martha Banta","Economics, Sociology, Nonfiction, Philosophy, Politics, History, Classics, Social Science, Theory, Academic","Oxford University Press",2009,First,15.0,3.89,"Banta, TV,M. (2009). The theory of the leisure class. Oxford University Press.",304,English,"United States"
M0D1005521620,"Class and Class Conflict in Industrial Society","Ralf Dahrendorf","Class Conflict, Marxism, Social Conflict Theory, Social Class  ","Forgotten Books",2012,First,18.42,4.0,"Dahrendorf, R. (2012). Class and class conflict in industrial society. Forgotten Books.",336,English,Italy
9788483066980,"A paso de cangrejo. Articulos, reflexiones y decepciones, 2000-2006","Umberto Eco","Nonfiction, Essays, Philosophy, Politics, History, Italy, Italian Literature, Literature, Society, European Literature",Debate,2006,First,11.35,3.78,"Eco, U. (2006). A paso de cangrejo. articulos, reflexiones y decepciones, 2000-2006. Debate.",388,Spanish,"Barberà del Vallès, Barcelona, Spain"
9788483070109,"Sociología","Salvador Giner","Sociology, Academic, Manual","Ediciones Península",2001,Sixth,13.82,3.48,"Giner, S. (2001). Sociología. (Sixth ed.). Ediciones Península.",314,Spanish,"Barberà del Vallès, Barcelona, Spain"
9788448121891,"Introducción A La AntropologÍa Cultural",Kottak,Anthropology,"McGraw Hilll Mexico",2010,Third,39.85,3.0,"Kottak (2010). Introducción a la antropología cultural. (Third ed.). McGraw Hilll Mexico.",335,Spanish,Spain
9788413622804,"Historia y conciencia del precariado","Diego Fusaro","Essai, Sociology","Alianza Editorial",2021,First,27.07,4.33,"Fusaro, D. (2021). Historia y conciencia del precariado. Alianza Editorial.",600,Spanish,"Madrid, Spain"
9788474764352,"La sociología en España","Manuel Pérez Yruela
","Sociology, Manual, Academic","Centro de Investigaciones Sociológicas",2007,First,14.25,3.0,"Yruela, MP. (2007). La sociología en españa. Centro de Investigaciones Sociológicas.",772,Spanish,"Móstoles, Madrid, Spain"
9789202716230,"El pensamiento de Carlos Marx ","Jean-Yves Calvez","Philosophy, Political theory, Sociology",Taurus,1964,First,10.0,3.0,"Calvez, J. (1964). El pensamiento de carlos marx . Taurus.",753,Spanish,"Madrid, Spain"
9780190938260,"Capitalism: Competition, Conflict, Crises","Anwar Shaikh","Economics, Politics, Nonfiction, Philosophy, Theory, History, Government, Reference, Science, Finance","Oxford University Press",2018,First,16.51,4.51,"Shaikh, A. (2018). Capitalism:  competition, conflict, crises. Oxford University Press.",1024,ENglish,"New York, NY10016, United States"
9788448122393,"Matemàtiques aplicades a les ciencies socials. Crèdit 1; Crèdit 2; Crèdit 3","JANE I SANAHUJAM ANGELA ; GUITERAS ",Maths,McGrawHill,1999,First,36.0,4.0,"GUITERAS, JISA;. (1999). Matemàtiques aplicades a les ciencies socials. crèdit 1; crèdit 2; crèdit 3. McGrawHill.",271,Catalan,"Madrid, Spain"
9788448113049,"Matemàtiques aplicades a les ciencies socials. Crèdit 4; Crèdit 5; Crèdit 6","JANE I SANAHUJAM ANGELA ; GUITERAS ",Maths,McGrawHill,1999,First,36.0,4.0,"GUITERAS, JISA;. (1999). Matemàtiques aplicades a les ciencies socials. crèdit 4; crèdit 5; crèdit 6. McGrawHill.",198,Catalan,"Madrid, Spain"
9788424121365,"Atlas geográfico universal",Various,"World Atlas",Everest,1999,First,5.86,5.0,"Various (1999). Atlas geográfico universal. Everest.",96,Spanish,"León, Spain"
9788471533241,"Atlas Actual Universal Vox",Various,"World Atlas",Biblograf,1996,First,53.65,5.0,"Various (1996). Atlas actual universal vox. Biblograf.",232,Spanish,"Sabadell, Barcelona"
9788820325992,"Dizionario spagnolo-italiano-Diccionario italiano-espanol."," Laura Tam",Dictionary,Hoepli,1999,First,10.17,4.5,"Tam, L. (1999). Dizionario spagnolo-italiano-diccionario italiano-espanol.. Hoepli.",1139,Italian,"Milano, Italy"
9788477397069,"Diccionari català-castellà","Josep Torras i Rodergas",Dictionary,"Enciclopedia Catalana",1998,Second,20.0,3.0,"Rodergas, JTi. (1998). Diccionari català-castellà. (Second ed.). Enciclopedia Catalana.",1284,Spanish,"Capellades, Barcelona, Spain"
9788432903038,"Alemán para Dummies","Paulina Christensen
, 
Anne Fox","German Literature, Nonfiction, Reference, Language, Education","Para Dummies",2016,First,16.1,3.75,"Fox, PC,A. (2016). Alemán para dummies. Para Dummies.",360,Spanish,"Barcelona, Spain"
9788484376002,"Crim i càstig","Fyodor Dostoevsky","Classics, Fiction, Russia, Literature, Russian Literature, Philosophy, Novels, Crime, 19th Century, School",Proa,2003,Fifth,340.59,4.26,"Dostoevsky, F. (2003). Crim i càstig. (Fifth ed.). Proa.",608,Catalan,"Barcelona, Spain"
9780571242467,"The Private Patient (Inspector Adam Dalgliesh Mystery)","P.D. James","Mystery, Fiction, Crime, Mystery Thriller, Detective, British Literature, Audiobook, Thriller, Murder Mystery, Suspense","Faber and Faber",2009,First,3.99,3.8,"James, P. (2009). The private patient (inspector adam dalgliesh mystery). Faber and Faber.",416,English,"London, United Kingdom"
9788471532107,"Catalan Sinonims I Antonims",Various,Dictionary,Bibliograf,1995,Sixth,4.66,3.0,"Various (1995). Catalan sinonims i antonims. (Sixth ed.). Bibliograf.",617,Catalan,"Gavà, barcelona, Spain"
9783125174276,"PONS Kompaktworterbuch Spanisch: Rund 135.000 Stichworter und Wendungen. Spanisch-Deutsch / Deutsch-Spanisch. Mit CD-ROM",Various,Dictionary,Pons,2009,First,22.39,5.0,"Various (2009). Pons kompaktworterbuch spanisch:  rund 135.000 stichworter und wendungen. spanisch-deutsch / deutsch-spanisch. mit cd-rom. Pons.",1970,German,"Stuttgart, Germany"
9788480868662,"Farmacología en enfermería","Silvia Castells Molina","Nursing, Pharmacology",Elsevier,2012,Third,72.08,5.0,"Molina, SC. (2012). Farmacología en enfermería. (Third ed.). Elsevier.",752,Spanish,"Barcelona, Spain"
9788498796681,"Dialéctica de la Ilustración: fragmentos filosóficos","Max Horkheimer, Theodor W. Adorno","Philosophy, Nonfiction, Theory, Sociology, Politics, History, German Literature, Academic, Classics, Cultural",Trotta,2018,First,22.8,4.11,"Adorno, MHTW. (2018). Dialéctica de la ilustración:  fragmentos filosóficos. Trotta.",293,Spanish,"28936 Mostoles, Madrid, Spain"
9788484872009,"Os intelectuais e a organización da cultura","Antonio Gramsci","Essai, Political Theory, Political Science, Sociology, History","Edicións Laiovento",2010,First,25.57,4.5,"Gramsci, A. (2010). Os intelectuais e a organización da cultura. Edicións Laiovento.",263,Galician,"15890, Santiago de Compostela, Spain"
9788484872023,"Escritos de mocidade, 1914-1918","Antonio Gramsci","Political Theory, History, Sociology, Political Science","Edicións Laiovento",2010,First,15.19,4.5,"Gramsci, A. (2010). Escritos de mocidade, 1914-1918. Edicións Laiovento.",162,Galician,"15890, Santiago de Compostela, Spain"
9780674022294,"The Selected Writings of Walter Benjamin #4
1938–1940 (4)","Walter Benjamin ","Philosophy, Theory, Literature, Nonfiction","Harvard University Press",2006,First,31.79,4.55,"Benjamin, W. (2006). The selected writings of walter benjamin #4
1938–1940 (4). Harvard University Press.",477,English,"United States"
9781594488849,"Drive: The Surprising Truth About What Motivates Us","Daniel H. Pink","Nonfiction, Business, Psychology, Leadership, Self Help, Personal Development, Management, Productivity, Education","Riverhead Books",2009,First,13.53,3.95,"Pink, DH. (2009). Drive:  the surprising truth about what motivates us. Riverhead Books.",242,English,"Ediinburgh, United Kingdom"
9789500393188,"Critica de la razon dialectica, Vol.1 (Obras Maestras Del Pensamiento)","Jean-Paul Sartre","Philosophy, Nonfiction, Theory, Politics, History, France",Losada,2004,First,22.8,3.77,"Sartre, J. (2004). Critica de la razon dialectica, vol.1 (obras maestras del pensamiento). Losada.",540,Spanish,"Buenos Aires, Argentina"
9788432320293,"Historia y conciencia de clase: Estudios sobre dialéctica marxista","György Lukács
","Philosophy, Politics, History, Theory, Nonfiction, Sociology, Economics, Academic, 20th Century, Criticism","Siglo XXI",2021,First,21.85,4.05,"Lukács, G. (2021). Historia y conciencia de clase:  estudios sobre dialéctica marxista. Siglo XXI.",437,Spanish,Spain
9788490565476,"El capital en el siglo XXI","Thomas Piketty","Economics, Nonfiction, Politics, History, Business, Finance, Philosophy, Sociology, Society, Science","RBA Libros",2015,First,30.0,4.06,"Piketty, T. (2015). El capital en el siglo xxi. RBA Libros.",816,Spanish,"Barcelona, Spain"
9782755507607,"Le Droit à la paresse","Paul Lafargue","Philosophy, Nonfiction, Politics, France, Classics, Essays, Theory, History, Sociology, 19th Century","Fayard, Editions mille et une nuits",2020,First,3.0,3.64,"Lafargue, P. (2020). Le droit à la paresse. Fayard, Editions mille et une nuits.",78,"Français","Clamecy, France"
9788446026631,"Marx, ontología del ser social","György Lukács
",Philosophy,"Akal Ediciones",2007,First,9.5,3.88,"Lukács, G. (2007). Marx, ontología del ser social. Akal Ediciones.",217,Spanish,Spain
9781859843307,"Hegemony and Socialist Strategy: Towards a Radical Democratic Politics","Ernesto Laclau, Chantal Mouffe","Politics, Philosophy, Theory, Nonfiction, Sociology, History, Political Science, Economics, Society, Activism",Verso,2001,Second,27.0,3.84,"Mouffe, EL,C. (2001). Hegemony and socialist strategy:  towards a radical democratic politics. (Second ed.). Verso.",198,English,"United Kingdom"
9788477390558,"DICCIONARI CASTELLA/CATALA","O.G. Sanchis",Dictionary,"Diputació de Barcelona",1995,Second,8.78,3.5,"Sanchis, O. (1995). Diccionari castella/catala. (Second ed.). Diputació de Barcelona.",1368,Catalan,"08007, Barcelona, Spain"
9788432319297,"El Estado y los problemas tácticos en el Gobierno de Salvador Allende","Joan E. Garcés","History, Political Science, Political Analysis",SigloXXI,2018,Second,17.1,3.67,"Garcés, JE. (2018). El estado y los problemas tácticos en el gobierno de salvador allende. (Second ed.). SigloXXI.",262,Spanish,"Madrid, Spain"
9788432314391,"Para leer El Capital","Louis Althusser","Marxism, Political Theory","Siglo XXI",2010,First,25.0,3.0,"Althusser, L. (2010). Para leer el capital. Siglo XXI.",512,Spanish,"Madrid, Spain"
9788420673660,"El Estado y la revolución","Vladimir Lenin","Politics, Nonfiction, Philosophy, Theory, History, Economics, Russia, Classics, Lenin, Political Science",Alianza,2012,Second,10.92,4.24,"Lenin, V. (2012 ). El estado y la revolución. (Second ed.). Alianza.",200,Spanish,"Madrid, Spain"
9788430601127,"Imperialismo: la Fase Superior del Capitalismo: Hoy, el Monopolio es un Hecho","Vladimir Lenin","Politics, Nonfiction, Economics, Theory, Philosophy, History, Classics, Sociology, Russia, Lenin",TAURUS,2016,Second,7.59,4.23,"Lenin, V. (2016). Imperialismo:  la fase superior del capitalismo:  hoy, el monopolio es un hecho. (Second ed.). TAURUS.",176,Spanish,"Sant Llorenç d'Hortons, Barcelona, Spain"
9788446051053,"La enfermedad infantil del «izquierdismo» en el comunismo","Vladimir Lenin","Politics, Theory, Nonfiction, Philosophy, History, Russia, Lenin, Political Science, Economics, Essays","Ediciones Akal",2021,First,8.07,4.16,"Lenin, V. (2021). La enfermedad infantil del «izquierdismo» en el comunismo. Ediciones Akal.",144,Spanish,Spain
9788446041290,"Reforma o revolución","Rosa Luxemburg","Politics, Nonfiction, Philosophy, Theory, History, Economics, Sociology, Classics, Political Science, German Literature","Akal ediciones",2015,First,9.03,4.19,"Luxemburg, R. (2015). Reforma o revolución. Akal ediciones.",154,Spanish,Spain
9788416288328,"Sobre federalismo autodeterminación y republicanismo","Francisco Fernández Buey","Political Theory, Essai","El Viejo Topo",2015,First,14.25,4.0,"Buey, FF. (2015). Sobre federalismo autodeterminación y republicanismo. El Viejo Topo.",154,Spanish,Spain
9788492616053,"Para la Tercera Cultura: Ensayos sobre Ciencias y Humanidades","Francisco Fernández Buey",Humanities,"El Viejo Topo",2013,"",20.9,4.0,"Buey, FF. (2013). Para la tercera cultura:  ensayos sobre ciencias y humanidades. ( ed.). El Viejo Topo.",410,Spanish,Spain
9788432313844,"La reconstrucción del sindicalismo en democracia, 1976-1994","Rubén Vega García","History, Unionism","Siglo XXI",2011,First,10.0,4.0,"García, RV. (2011). La reconstrucción del sindicalismo en democracia, 1976-1994. Siglo XXI.",390,Spanish,"Torrejón de Ardoz, Madrid"
9788435026239,"Cien años de socialismo","Donald Sassoon","History, Politics, Nonfiction, European History","Editora y Distribuidora Hispano Americana (EDHASA)",2001,First,57.47,4.14,"Sassoon, D. (2001 ). Cien años de socialismo. Editora y Distribuidora Hispano Americana (EDHASA).",1104,Spanish,Madrid
9788432305597,"La teoría de la historia de Karl Marx: Una defensa","G.A. Cohen","Philosophy, History, Politics, Nonfiction, Economics, Theory, Sociology","Siglo XXI",2013,First,21.37,3.89,"Cohen, G. (2013). La teoría de la historia de karl marx:  una defensa. Siglo XXI.",403,Spanish,"Madrid, Spain"
9780141033570,"Thinking, Fast and Slow","Daniel Kahneman","Nonfiction, Psychology, Self Help, Business, Personal Development, Philosophy, Audiobook, Unfinished, Leadership, Productivity",Penguin,2011,First,12.5,4.18,"Kahneman, D. (2011). Thinking, fast and slow. Penguin.",499,English,"Great Britain"
9781999768317,"How to be a Chief Operating Officer: 16 Disciplines for Success","Jennifer Geary","Business, Leadership, Management","Kindle Direct Publishing",2017,First,15.59,3.93,"Geary, J. (2017). How to be a chief operating officer:  16 disciplines for success. Kindle Direct Publishing.",322,English,"Brétigny-sur-Orge, France"
9788466653787,"Allende. La biografía","Mario Amorós",Biography,"Ediciones B",2013,First,14.24,4.0,"Amorós, M. (2013). Allende. la biografía. Ediciones B.",688,Spanish,"Sant Llorenç d'Hortons, Barcelona"
9782262066574,"Lénine","Robert Service",Biography,"TEMPUS PERRIN",2016,First,12.0,4.0,"Service, R. (2016). Lénine. TEMPUS PERRIN.",864,"Français","Paris, France"
9788435065122,"La patria dels humans","José Luis Martín",Essai,"Editora y Distribuidora Hispano Americana",2003,First,6.26,3.0,"Martín, JL. (2003). La patria dels humans. Editora y Distribuidora Hispano Americana.",384,Catalan,"Barcelona, Spain"
198782659,"Karl Marx Selected Writings","David McLellan
","Philosophy, Politics, Nonfiction, Economics, Sociology, History, Classics, College, School, Political Science","Oxford University Press",2000,Second,46.8,3.97,"McLellan, D. (2000). Karl marx selected writings. (Second ed.). Oxford University Press.",687,English,"Suffolk, Great Britain"
9788497637299,"Pablo Iglesias: La vida y la época del fundador del PSOE y UGT.","Gustavo Vidal Manzanares",Biography,"Ediciones Nowtilus",2009,First,35.95,3.0,"Manzanares, GV. (2009). Pablo iglesias:  la vida y la época del fundador del psoe y ugt.. Ediciones Nowtilus.",400,Spanish,"Madrid, Spain"
9780192806109,"Outlines of the Philosophy of Right","Georg Wilhelm Friedrich Hegel","Philosophy, Politics, Nonfiction, Classics, Law, German Literature, Theory, History, Sociology, 19th Century","Oxford University Press",2008,First,18.33,3.88,"Hegel, GWF. (2008). Outlines of the philosophy of right. Oxford University Press.",374,English,"Great Britain"
9780521292115,"Critique of Hegel's Philosophy of Right","Karl Marx","Philosophy, Nonfiction, Politics, Sociology, Theory, German Literature, 19th Century, Classics, History, Economics","Cambridge University Press",2009,"First edition",24.5,3.96,"Marx, K. (2009). Critique of hegel's philosophy of right. (First edition ed.). Cambridge University Press.",224,English,"New York, USA"
9788437506227,"Julián Besteiro","Andrés Saborit",Biography,"Fondo de Cultura Económica",2008,First,30.0,4.0,"Saborit, A. (2008). Julián besteiro. Fondo de Cultura Económica.",408,Spanish,"Madrid, España"
9788446014942,"La España del siglo XIX: Volumen I","Manuel Tuñón de Lara","History, Spain",Akal,2018,FIrst,7.5,4.0,"Lara, MTd. (2018). La españa del siglo xix:  volumen i. Akal.",325,Spanish,"Madrid, Spain"
9788446014959,"La España del siglo XIX: Volumen 2","Manuel Tuñón de Lara","History, Spain",Akal,2018,First,7.5,4.0,"Lara, MTd. (2018). La españa del siglo xix:  volumen 2. Akal.",255,Spanish,"Madrid, Spain"
9788430971350,"Indalecio Prieto: República y socialismo","Luis Sala González
, 
Juan Pablo Fusi
 ",Biography,Tecnos,2017,First,26.12,4.0,"Fusi, LSG,JP. (2017). Indalecio prieto:  república y socialismo. Tecnos.",425,Spanish,"Madrid, Spain"
9788498090703,"Joan Comorera torna a casa","Carme Cebrián",Biography,"Editorial Pòrtic",2009,First,17.0,4.0,"Cebrián, C. (2009). Joan comorera torna a casa. Editorial Pòrtic.",424,Catalan,"Barcelona, Spain"
9788494100857,"Memorias políticas y militares","Jose del Barrio",Biography,"Editorial Pasado y Presente",2013,First,24.9,3.0,"Barrio, Jd. (2013). Memorias políticas y militares. Editorial Pasado y Presente.",436,Spanish,"Romanyà Valls, Barcelona, Spain"
9780751530827,"Tony Blair: Prime Minister","John Rentoul","Politics, Biography, Nonfiction, History, British Literature","Time Warner",2001,First,88.0,3.79,"Rentoul, J. (2001). Tony blair:  prime minister. Time Warner.",628,English,"London, Great Britain"
9788430942497,"Derecho constitucional","Isidre Molas","Law, Constitutional Law","Tecnos Editorial",2005,Third,27.5,2.0,"Molas, I. (2005). Derecho constitucional. (Third ed.). Tecnos Editorial.",358,Spanish,"Madrid, Spain"
9788484422716,"Política y Gobierno en España","Manuel Alcántara; Antonia Martínez","Political Science","Tirant lo Blanch",2001,First,39.0,4.5,"Martínez, MAA. (2001). Política y gobierno en españa. Tirant lo Blanch.",637,Spanish,"Valencia, Spain"
9788498923841,"Juan Negrín: Médico, socialista y jefe del Gobierno de la II República española","Gabriel Jackson",Biography,"Editorial Crítica",2008,First,32.48,3.0,"Jackson, G. (2008). Juan negrín:  médico, socialista y jefe del gobierno de la ii república española. Editorial Crítica.",648,Spanish,"Barcelona, Spain"
9788480164894,"Los Verbos Franceses",Larousse,Dictionary,Larousse,2003,First,195.0,3.0,"Larousse (2003). Los verbos franceses. Larousse.",248,Spanish,"Barcelona, Spain"
9781444177398,"Complete German","Paul Coggle
, 
Heiner Schenke","German Literature, Nonfiction, Reference, Language","Teach Yourself",2022,First,23.87,4.03,"Schenke, PC,H. (2022). Complete german. Teach Yourself.",387,English,"London, Great Britain"
9781444177343,"Complete Italian","Lydia Vellaccio",Dictionary,"Teach Yourself",2020,First,24.45,4.0,"Vellaccio, L. (2020). Complete italian. Teach Yourself.",423,English,"London, Great Britain"
9782218965357,"EDELSA BESCHERELLE 1 CONJUGAISON",Bescherelle,Dictionary,HATIER,2012,First,10.17,3.0,"Bescherelle (2012). Edelsa bescherelle 1 conjugaison. HATIER.",256,"Français","Paris, France"
9798656338776,"Amor y Sexo Consciente: Una guía práctica para crear relaciones extraordinarias y despertar a través de ellas","Núria Benedito Pujol
, 
Sebastián Trujillo Muñoz","Psychology, Self-Help","Independently published",2020,First,14.2,4.5,"Muñoz, NBP,ST. (2020). Amor y sexo consciente:  una guía práctica para crear relaciones extraordinarias y despertar a través de ellas. Independently published.",244,Spanish,"Alicante, Spain"
9782713218224,"Le gouvernement des corps","Didier Fassin
 (Editor)
, 
Dominique Memmi
 (Editor)","Sociology, Academic, ","Editions de l'Ecole des Hautes Etudes en Sciences Sociales",2004,First,54.99,3.0,"(Editor), DF(,DM. (2004). Le gouvernement des corps. Editions de l'Ecole des Hautes Etudes en Sciences Sociales.",269,"Français","Paris, France"
9788449305993,"Sociología de la educación: una aproximación crítica a las corrientes contemporáneas","Xavier Bonal",Sociology,"Paidós Ibérica",1998,First,49.9,5.0,"Bonal, X. (1998). Sociología de la educación:  una aproximación crítica a las corrientes contemporáneas. Paidós Ibérica.",239,Spanish,"Barcelona, Spain"
9788476585467,"Modernidad y Modernizacion","Carlota Sole",Sociology,"Anthropos Research & Publications",2001,First,10.0,3.0,"Sole, C. (2001). Modernidad y modernizacion. Anthropos Research & Publications.",305,Spanish,"Barcelona, Spain"
9788476586136,"La Incógnita del Extraño","Enrique Santamaria Lorenzo",Sociology,Anthropos,2002,First,18.0,3.0,"Lorenzo, ES. (2002). La incógnita del extraño. Anthropos.",211,Spanish,"Barcelona, Spain"
9788487385285,"Inmigración, Salud y Políticas Sociales","Olga Solas Gaspar","Sociology, Academic, Nonfiction","Escuela Andaluza de Salud Publica",1997,First,10.0,3.0,"Gaspar, OS. (1997). Inmigración, salud y políticas sociales. Escuela Andaluza de Salud Publica.",289,Spanish,"Granada, Spain"
9781786891709,"Drive: The Surprising Truth About What Motivates Us","Daniel H. Pink","Nonfiction, Business, Psychology, Leadership, Self Help, Personal Development, Management, Productivity, Education","Canongate Books",2018,First,13.31,3.95,"Pink, DH. (2018). Drive:  the surprising truth about what motivates us. Canongate Books.",242,English,"New York"
9782266131049,"La Civilisation des moeurs","Norbert Elias","History, Sociology, Nonfiction, Anthropology, Cultural, Society, Historical, Social Science, World History, Philosophy",pocket,2021,Third,10.8,4.16,"Elias, N. (2021). La civilisation des moeurs. (Third ed.). pocket.",510,"Français",Paris
8476586698,"Mujer, inmigrante y trabajadora : la triple discriminación","Sònia Parella Rubio",Sociology,Anthropos,2003,First,10.0,3.0,"Rubio, SP. (2003). Mujer, inmigrante y trabajadora :  la triple discriminación. Anthropos.",413,Spanish,"Montcada i Reixac, Barcelona"
9788472903883,"El cuidado del ""otro""","Manuel Moreno Preciado",Sociology,Bellaterra,2008,First,18.0,3.0,"Preciado, MM. (2008). El cuidado del ""otro"". Bellaterra.",295,Spanish,"Capellades, Barcelona"
9780307352149,"Quiet: The Power of Introverts in a World That Can't Stop Talking","Susan Cain","Nonfiction, Psychology, Self Help, Business, Audiobook, Personal Development, Sociology, Leadership, Adult","Crown Publishers",2012,First,28.0,4.08,"Cain, S. (2012). Quiet:  the power of introverts in a world that can't stop talking. Crown Publishers.",332,English,"New Yorsk, USA"
9788433964014,"La nueva lucha de clases: los refugiados y el terror","Slavoj Zizek","Philosophy, Nonfiction, Politics, Essays, Sociology, Theory, History, Political Science, Society, Psychology",Anagrama,2015,Sixth,16.05,3.7,"Zizek, S. (2015). La nueva lucha de clases:  los refugiados y el terror. (Sixth ed.). Anagrama.",137,Spanish,"Sabadell, Barcelona"
9781250255174,"Surrounded by Idiots: The Four Types of Human Behavior and How to Effectively Communicate with Each in Business","Thomas Erikson","Nonfiction, Psychology, Self Help, Business, Personal Development, Audiobook, Communication, Leadership, Management, Sociology","St.Martin's Essentials",2019,First,13.09,3.48,"Erikson, T. (2019). Surrounded by idiots:  the four types of human behavior and how to effectively communicate with each in business. St.Martin's Essentials.",282,English,"New York"
9780241547991,"The Presentation of Self in Everyday Life","Erving Goffman","Sociology, Nonfiction, Psychology, Philosophy, Anthropology, Social Science, Theory, Academic, Science, Social","Penguin Non-Fiction",2022,First,10.54,4.06,"Goffman, E. (2022). The presentation of self in everyday life. Penguin Non-Fiction.",233,English,Ireland
9780393319873,"The Corrosion of Character: The Personal Consequences of Work in the New Capitalism","Richard Sennett","Sociology, Nonfiction, Economics, Politics, Philosophy, Psychology, Business, Social Science, Society, Cultural","W.W. Norton",1999,First,14.78,3.94,"Sennett, R. (1999). The corrosion of character:  the personal consequences of work in the new capitalism. W.W. Norton.",176,English,London
9780226025971,"Love and Saint Augustine","Hannah Arendt
","Philosophy, Religion, Nonfiction, Theology, Christianity, Politics, School, Essays, Love, History","University of Chicago Press",1998,First,16.85,3.94,"Arendt, H. (1998). Love and saint augustine. University of Chicago Press.",233,English,Italy
9788498888522,"Narcís Monturiol: I el submari que posaria fia a totes les guerres (1819-1895)","Raúl Aguilar Cestero",Sociology,"Icaria Editorial",2018,First,5.0,1.0,"Cestero, RA. (2018). Narcís monturiol:  i el submari que posaria fia a totes les guerres (1819-1895). Icaria Editorial.",143,Spanish,"Capellades, Barcelona"
9781608311101,"Handbook of Nursing Diagnosis","Lynda Juall Carpenito-Moyet
",Nonfiction,"Lippincott Williams & Wilkins",2012,14,98.01,3.7,"Carpenito-Moyet, LJ. (2012). Handbook of nursing diagnosis. (14 ed.). Lippincott Williams & Wilkins.",874,English,"Philadelphia, USA"
9788490299982,"Fundamentos de informática en entornos bioinformáticos ","Enrique Blanco",Bioinformatics,"Editorial UOC",2012,First,23.75,1.0,"Blanco, E. (2012). Fundamentos de informática en entornos bioinformáticos . Editorial UOC.",241,Spanish,"Great Britain"
9788466412933,Catalanisme,"Ramon Folch",Politics,"Columna Edicins: L'arquer",2010,First,6.0,1.0,"Folch, R. (2010). Catalanisme. Columna Edicins: L'arquer.",224,Catalan,Barcelona
9789505181995,Estigma,"Erving Goffman","Sociology, Nonfiction, Psychology, Anthropology, Philosophy, Social Science, Mental Health, Academic, Theory, Disability Studies",Amorrortu,2021,First,11.65,3.96,"Goffman, E. (2021). Estigma. Amorrortu.",183,Spanish,"Buenos Aires, Argentina"
9781855385054,"The Art of Loving","Erich Fromm","Psychology, Philosophy, Nonfiction, Self Help, Love, Relationships, Sociology, Spirituality, Personal Development, German Literature",HARPERCOLLINS,1995,First,10.51,4.01,"Fromm, E. (1995). The art of loving. HARPERCOLLINS.",104,English,"Great Britain, UK"
9782020509220,"Langage et pouvoir symbolique","Pierre Bourdieu
, 
John B. Thompson","Sociology, Philosophy, Nonfiction, Linguistics, Language, Anthropology, Theory, Politics, Academic, Social Science",Seuil,1982,First,32.95,4.19,"Thompson, PB,JB. (1982). Langage et pouvoir symbolique. Seuil.",419,"Français","Normandie, France"
9782228903820,"Le Suicide","Émile Durkheim","Sociology, Nonfiction, Psychology, Philosophy, Anthropology, Social Science, Classics, Science, Academic, Mental Health","Petite Biblio Payot Classiques",2022,First,12.0,3.85,"Durkheim, É. (2022). Le suicide. Petite Biblio Payot Classiques.",492,"Français","Barcelone, Espagne"
9788499984025,"El arte de la prudencia","Baltasar Gracián","Philosophy, Nonfiction, Classics, Self Help, Psychology, Politics, Personal Development, Spanish Literature, Spain, Literature",Austral,2022,10,8.95,4.18,"Gracián, B. (2022). El arte de la prudencia. (10 ed.). Austral.",220,Spanish,"España"
9782210770768,"Discours de la servitude volontaire - Classiques et Patrimoine","La Boétie
","Philosophy, Politics, Nonfiction, Classics, Sociology, Essays, History, France, Political Science, Psychology",Magnard,2021,First,2.95,3.94,"Boétie, L. (2021). Discours de la servitude volontaire - classiques et patrimoine. Magnard.",95,"Français",Italie
9788432311451,"Las venas abiertas de América Latina","Eduardo Galeano"," Latin American History, Spanish Literature, Economics, World History, Politics, Historical, Nonfiction, History, Theory, Latin American",SigloXXI,2007,Second,24.7,4.31,"Galeano, E. (2007). Las venas abiertas de américa latina. (Second ed.). SigloXXI.",379,Spanish,"Torrejón de Ardoz, Madrid"
9782757874080,"Sociologie générale, vol. 2: Cours au Collège de France","Pierre Bourdieu",Sociology,"Points Essais",2019,First,19.5,4.25,"Bourdieu, P. (2019). Sociologie générale, vol. 2:  cours au collège de france. Points Essais.",1224,"Français",France
9788433968036,"Sobre la Televisión","Pierre Bourdieu",Sociology,Anagrama,2007,Second,9.4,3.75,"Bourdieu, P. (2007). Sobre la televisión. (Second ed.). Anagrama.",138,Spanish,"Barcelona, Spain"
9788425415302,"Invitació a la sociologia - Una perspectiva humanística","Peter L. Berger
, 
Joan Estruch"," Sociology, Nonfiction, Philosophy, Social Science, Academic, Theory, Politics, Science, Society, Essays",Herder,1995,First,16.91,3.87,"Estruch, PLB,J. (1995). Invitació a la sociologia - una perspectiva humanística. Herder.",232,Catalan,"Barcelona, Spain"
9788482567051,"La mirada del sociòleg. Què és, què fa, què diu la sociologia?","Salvador Cardús i Ros",Sociology,"Edicions de la Universitat Oberta de Catalunya / Proa",2001,Second,8.39,4.0,"Ros, SCi. (2001). La mirada del sociòleg. què és, què fa, què diu la sociologia?. (Second ed.). Edicions de la Universitat Oberta de Catalunya / Proa.",214,Catalan,"Barcelona, Spain"
9788482360218,"El Capitalismo y La Moderna Teoria Social","Anthony Giddens","Sociology, Politics, Nonfiction, Philosophy, Theory, Economics, Social Science, Anthropology, Reference, Society","Idea Books",1998,First,190.0,3.9,"Giddens, A. (1998). El capitalismo y la moderna teoria social. Idea Books.",414,Spanish,Barcelona
9781785770067,"Stasi Child","David Young","Historical Fiction, Crime, Mystery, Fiction, Thriller, Germany, Detective, Historical, Historical Mystery",twenty7,2015,First,8.62,3.8,"Young, D. (2015). Stasi child. twenty7.",416,English,"London, UK"
9788420673462,"La Democracia En America 2","Alexis de Tocqueville","History, Politics, Philosophy, Nonfiction, Classics, Sociology, American History, France, Social Science","Alianza Editorial",2004,Eight,16.1,4.15,"Tocqueville, Ad. (2004). La democracia en america 2. (Eight ed.). Alianza Editorial.",440,Spanish,"Torrejón de Ardoz, Madrid"
9788420637969,"Las reglas del método sociológico y otros escritos","Émile Durkheim","Sociology, Philosophy, Nonfiction, Academic, Social Science, Science, Anthropology, Theory, School, Classics","Alianza Editorial",2000,Fifth,18.95,3.76,"Durkheim, É. (2000). Las reglas del método sociológico y otros escritos. (Fifth ed.). Alianza Editorial.",328,Spanish,"Torrejón de Ardoz, Madrid"
9788420639642,"El político y el científico","Max Weber
","Political Science, Science, Philosophy, School, Classics, Politics, Nonfiction, Sociology, Theory, Essays",Alianza,2005,23,14.95,3.92,"Weber, M. (2005). El político y el científico. (23 ed.). Alianza.",233,Spanish,"Torrejón de Ardoz, Spain"
9788806223441,"Quaderni del carcere","Antonio Gramsci","Philosophy, Politics, Nonfiction, Theory, History, Sociology, Economics, Italy, Italian Literature, Essays",Einaudi,2019,First,69.27,4.2,"Gramsci, A. (2019). Quaderni del carcere. Einaudi.",3480,Italian,Italy
9788437617114,Historia,"Heródoto","History, Classics, Nonfiction, Ancient History, Greece, Ancient, Philosophy, Historical, Literature, Mythology",Catedra,2006,16,19.3,4.0,"Herodoto (2006). Historia. (16 ed.). Catedra.",936,Spanish,"Madrid, Spain"
9788437604138,"De la naturaleza de las cosas",Lucrecio,"Philosophy, Poetry, Classics, Nonfiction, Science, History, Ancient, Roman, Ancient History, Literature.",Catedra,2022,17,11.8,3.98,"Lucrecio (2022). De la naturaleza de las cosas. (17 ed.). Catedra.",416,Spanish,"Madrid, Spain"
9788491042204,"Fragmentos presocráticos: De Tales a Demócrito","Alberto Bernabé Pajares",Philosophy,"Alianza Editorial",2016,Fourth,16.1,4.26,"Pajares, AB. (2016). Fragmentos presocráticos:  de tales a demócrito. (Fourth ed.). Alianza Editorial.",472,Spanish,"Madrid, Spain"
9788420647104,"Sobre la libertad","Isaiah Berlin
","Philosophy, Politics, Nonfiction, Essays, History, Society, Sociology, Political Science, Social Science, Academic","Alianza Ensayo",2004,First,24.22,4.15,"Berlin, I. (2004). Sobre la libertad. Alianza Ensayo.",421,Spanish,"Torrejón de Ardoz, Madrid"
9788490857458,"Las cuatro Filípicas: Edición bilingüe","Demóstenes",Philosophy,"Clásicos Dykinson",2016,First,14.25,4.0,"Demóstenes (2016). Las cuatro filípicas:  edición bilingüe. Clásicos Dykinson.",236,Spanish/Greek,"Madrid, Spain"
9781515117384,"Gromyko: Le diplomate de la Guerre froide","Pascal Carré",Politics,"CreateSpace Independent Publishing Platform",2015,First,13.23,1.0,"Carré, P. (2015). Gromyko:  le diplomate de la guerre froide. CreateSpace Independent Publishing Platform.",500,"Français",Italy
9788434433410,"No me tapes el sol: Cómo ser un cínico de los buenos","Eduardo Infante","Philosophy, Non-fiction",Ariel,2021,Planeta,17.9,4.12,"Infante, E. (2021). No me tapes el sol:  cómo ser un cínico de los buenos. (Planeta ed.). Ariel.",237,Spanish,"Barcelona, Spain"
9788419399717,"Sapiens. De animales a dioses: Breve historia de la humanidad","Yuval Noah Harari","Anthropology, Audiobook, Evolution, Historical, History, Nonfiction, Philosophy, Psychology, Science, Sociology",Debate,2024,First,25.55,4.36,"Harari, YN. (2024). Sapiens. de animales a dioses:  breve historia de la humanidad. Debate.",565,Spanish,"Madrid, Spain"
9788437638669,"Cartas a Lucilio",Seneca,"Philosophy, Nonfiction, Classics, History, Self Help, Psychology, Personal Development, Ancient, Essays, Spirituality",CATEDRA,2018,First,25.17,4.35,"Seneca (2018). Cartas a lucilio. CATEDRA.",760,Spanish,"Madrid, Spain"
9788420639567,"El Príncipe","Niccolò Machiavelli
,"," Literature, Italian Literature, Italy, Classics, Nonfiction, School, Political Science, Politics, History","Alianza Editorial",2001,4th,4.85,3.84,",, NM. (2001). El príncipe. (4th ed.). Alianza Editorial.",156,Spanish,"Salamanca, Spain"
9788420635248,"Discurso del método","René Descartes","Philosophy, Nonfiction, Classics, Science, France, School, French Literature, Essays, 17th Century, Theory","Alianza Editorial",2006,Fifth,5.31,3.72,"Descartes, R. (2006). Discurso del método. (Fifth ed.). Alianza Editorial.",197,Spanish,"Jarama, Madrid"
9788497110594,"Por qué no soy cristiano","Bertrand Russell","Philosophy, Religion, Nonfiction, Atheism, Essays, Classics, Science, Christianity, Theology, Spirituality",quinteto,2008,First,9.95,4.01,"Russell, B. (2008). Por qué no soy cristiano. quinteto.",383,Spanish,"Barcelona, Spain"
9788425420924,"El hombre en busca de sentido","Viktor E. Frankl","Nonfiction, Psychology, Philosophy, Self Help, Memoir, Biography, Classics, Spirituality, Holocaust",Herder,1998,18,6.85,4.37,"Frankl, VE. (1998). El hombre en busca de sentido. (18 ed.). Herder.",190,Spanish,"Barcelona, Spain"
9788497593069,Diario,"Ana Frank","Classics, Nonfiction, Biography, Memoir, Historical, Holocaust, Autobiography, War, School, World War II",DeBolsillo,2008,First,5.99,4.19,"Frank, A. (2008). Diario. DeBolsillo.",384,Spanish,"Barcelona, Spain"
9788449318238,"La condición humana","Hannah Arendt","Philosophy, Nonfiction, Politics, History, Sociology, Theory, Psychology, Political Science, Classics, Academic","Ediciones Paidós Ibérica Surcos",2005,First,52.43,4.21,"Arendt, H. (2005). La condición humana. Ediciones Paidós Ibérica Surcos.",358,Spanish,"Barcelona, Spain"
9788420655116,"Tratado teológico-político","Baruch Spinoza","Philosophy, Politics, Religion, Nonfiction, Theology, Classics, History, 17th Century, Judaism, Theory","Alianza Editorial",2008,First,16.1,4.17,"Spinoza, B. (2008). Tratado teológico-político. Alianza Editorial.",464,Spanish,"Madrid, Spain"
9788474327946,"Hannah Arendt. El orgullo de pensar","Fina Birulés Bertrán","Philosophy, Essai",GEDISA,2006,First,23.0,4.5,"Bertrán, FB. (2006). Hannah arendt. el orgullo de pensar. GEDISA.",288,Spanish,"Barcelona, Spain"
9788420636610,"La consolación de la filosofía",Boethius,"Philosophy, Classics, Nonfiction, Religion, Medieval, Poetry, Theology, History, Christianity, School","Alianza Editorial",2005,First,599.0,4.02,"Boethius (2005). La consolación de la filosofía. Alianza Editorial.",189,Spanish,"Madrid, Spain"
9788420636733,"La república","Platón","Philosophy, Classics, Nonfiction, Politics, History, School, Literature, Political Science, Ancient, College","Alianza Editorial",2000,8,5.99,3.96,"Platón (2000). La república. (8 ed.). Alianza Editorial.",604,Spanish,"Madrid, Spain"
9788420636832,"Sobre la felicidad",Seneca,"Philosophy, Nonfiction, Classics, Self Help, History, Psychology, Essays, Audiobook, German Literature, Spirituality","Alianza Editorial",2004,First,8.0,3.86,"Seneca (2004). Sobre la felicidad. Alianza Editorial.",116,Spanish,"Madrid, Spain"
9788420636740,Meditaciones,"Marcus Aurelius","Philosophy, Nonfiction, History, Self Help, Psychology, Classics, Personal Development, Spirituality, Biography, Leadership","Alianza Editorial",2004,First,6.25,4.28,"Aurelius, M. (2004). Meditaciones. Alianza Editorial.",176,Spanish,"Madrid, Spain"
9788434431348,"Mi cuaderno estoico: Cómo prosperar en un mundo fuera de tu control","Massimo Pigliucci
, 
Gregory Lopez","Philosophy, Nonfiction, Self Help, Psychology, Personal Development, Audiobook, Productivity, Mental Health, Spirituality",Ariel,2020,First,18.9,4.06,"Lopez, MP,G. (2020). Mi cuaderno estoico:  cómo prosperar en un mundo fuera de tu control. Ariel.",384,Spanish,"Barcelona, Spain"
9788434427327,"Cómo ser un estoico","Massimo Pigliucci","Philosophy, Nonfiction, Self Help, Psychology, Personal Development, History, Spirituality, Audiobook, Education, Sociology",Ariel,2017,13,18.9,4.06,"Pigliucci, M. (2017). Cómo ser un estoico. (13 ed.). Ariel.",255,Spanish,"Barcelona, Spain"
9781480252462,"La Guerra de las Galias","Gaius Julius Caesar","History, Classics, Nonfiction, Ancient History, War, Military History, Biography, Roman, Military Fiction","Plaza Editorial",2012,First,11.23,4.01,"Caesar, GJ. (2012). La guerra de las galias. Plaza Editorial.",196,Spanish,Italy
8423915301,"Juan de Mairena","Antonio Machado","Spanish Literature, Fiction, Spain, Philosophy","Coleción Austral, Espasa Calpe",1973,FIrst,195.0,4.06,"Machado, A. (1973). Juan de mairena. Coleción Austral, Espasa Calpe.",236,Spanish,"Madrid, Spain"
9788408166238,"Catilinarias y Filípicas","Marcus Tullius Cicero","Philosophy, Ancient Greece, History","Colección Austral",2021,2nd,9.45,4.25,"Cicero, MT. (2021). Catilinarias y filípicas. (2nd ed.). Colección Austral.",368,Spanish,"Barcelona, Spain"
9788420678849,Epicuro,"Carlos García Gual",Philosophy,"Alianza Editorial",2013,third,13.25,4.26,"Gual, CG. (2013). Epicuro. (third ed.). Alianza Editorial.",349,Spanish,"Madrid, Spain"
9788424939663,Manual-fragmentos,Epictetus,Philosophy,Gredos,2021,First,13.25,4.63,"Epictetus (2021). Manual-fragmentos. Gredos.",160,Spanish,"Barcelona, Spain"
9788420686202,"Retórica","Aristóteles","Philosophy, Classics, Nonfiction, Politics, Writing, Ancient, Communication, History, Literature, Education","Alianza Editorial",2022,7th,14.15,3.89,"Aristotle (2022). Retórica. (7th ed.). Alianza Editorial.",346,Spanish,"Madrid,Spain"
9788479010805,"Ética nicomaquea","Aristóteles","Philosophy, Classics, Nonfiction, Politics, School, History, Ancient, Greece, College","RBA Bolsillo",2007,First,6.5,3.99,"Aristóteles (2007). Ética nicomaquea. RBA Bolsillo.",304,Spanish,"Barcelona, Spain"
9788478446124,"Cómo Sacar Provecho de Los Enemigos",Plutarco,"Philosophy, Classics, Nonfiction, Politics, Self Help, Personal Development, Psychology, History, Essays","Biblioteca de Ensayo Siruela",2006,First,11.35,3.87,"Plutarco (2006). Cómo sacar provecho de los enemigos. Biblioteca de Ensayo Siruela.",172,Spanish,"Madrid, Spain"
9788448727659,"Història de Roma","Titus Livi",History,"Escriptors llatins",2002,First,20.0,4.0,"Livi, T. (2002). Història de roma. Escriptors llatins.",215,Catalan,"Barcelona, Spain"
9780486245935,"An Autobiography: The Story of My Experiments with Truth","Mahatma Gandhi","Biography, Nonfiction, History, Autobiography, India, Philosophy, Memoir, Politics, Spirituality","Dover Publications",2021,Third,9.43,4.1,"Gandhi, M. (2021). An autobiography:  the story of my experiments with truth. (Third ed.). Dover Publications.",468,English,USA
9780349112985,"The Autobiography of Martin Luther King, Jr","Martin Luther King Jr.
, 
Clayborne Carson","Biography, Nonfiction, History, Autobiography, Politics, Memoir, Race, African American, American History",Abacus,2000,First,11.27,4.33,"Carson, MLKJ,C. (2000). The autobiography of martin luther king, jr. Abacus.",416,English,"London, UK"
9788408101949,"Tragedias Completas","Sófocles","Theatre, Literature, Fiction, Mythology, Poetry, Ancient, Drama, Plays, Historical Fiction, Classics
",Austral,2011,First,9.45,4.27,"Sophocles (2011). Tragedias completas. Austral.",509,Spanish,"Barcelona, Spain"
9788426106582,"Odisea, La",Homero,"Fiction, Adventure, Mythology, Fantasy, Literature, Read For School, Historical Fiction, Poetry, Classics, School
",Juventud,2012,10,8.55,3.81,"Homero (2012). Odisea, la. (10 ed.). Juventud.",320,Spanish,"Barcelona, Spain"
9788426109088,"Iliada, La",Homero,"Fantasy, Fiction, Literature, Greek Mythology, War, Mythology, School, Poetry, Historical Fiction, Classics
",Juventud,2012,10,8.55,3.91,"Homer (2012). Iliada, la. (10 ed.). Juventud.",428,Spanish,"Barcelona, Spain"
9788498462807,"La Bíblia",Anonymous,"Religion, Life","Editorial Claret",2008,12,33.25,4.67,"Anonymous (2008). La bíblia. (12 ed.). Editorial Claret.",2336,Catalan,"Barcelona, Spain"
9781850786740,"Who Moved The Stone?","Frank Morison","Christian, Christianity, Religion, Theology, Nonfiction, Faith, History, Spirituality, Christian Non Fiction, Classics","Authentic Media",2024,First,13.0,3.96,"Morison, F. (2024). Who moved the stone?. Authentic Media.",223,English,"Croydon, United Kingdom"
9781098125974,"Hands-On Machine Learning with Scikit-Learn, Keras, and TensorFlow: Concepts, Tools, and Techniques to Build Intelligent Systems","Aurélien Géron","Programming, Computer Science, Artificial Intelligence, Technology, Nonfiction, Technical, Textbooks, Coding, Reference, Science","O'Reilly Media",2022,Third,69.0,4.56,"Géron, A. (2022). Hands-on machine learning with scikit-learn, keras, and tensorflow:  concepts, tools, and techniques to build intelligent systems. (Third ed.). O'Reilly Media.",861,English,"California, USA"
9789877255393,"El secreto de Gray Mountain","John Grisham","Fiction, Mystery, Thriller, Legal Thriller, Audiobook, Crime, Suspense, Mystery Thriller, Adult Fiction, Adult","DeBolsillo,Penguin Random House",2022,First,6.0,3.66,"Grisham, J. (2022). El secreto de gray mountain. DeBolsillo,Penguin Random House.",477,"Español",Argentina
9788430609116,"La Distinción","Pierre Bourdieu",Sociology,Taurus,2019,Third,26.0,5.0,"Bourdieu, P. (2019). La distinción. (Third ed.). Taurus.",783,"Español","Barcelona, Spain"
9781529038347,"Radical Candor","Kim Scott","Business Management","Pan Books",2019,Second,"Non Fiction",5.0,"Scott, K. (2019). Radical candor. (Second ed.). Pan Books.",297,English,"Croydon, UK"
9788423343638,"Viaje a las Emociones","Eduardo Punset","Emotional Intelligence",Destino,2010,First,29.9,4.0,"Punset, E. (2010). Viaje a las emociones. Destino.",822,Spanish,Barcelona
9781785765469,"Stasi Winter","David Young",Fiction,Zaffre,2020,First,7.99,5.0,"Young, D. (2020). Stasi winter. Zaffre.",354,English,"Great Britain"
9780349116020,"Long Walk to Freedom Volume 1 1918-1962","Nelson Mandela",Autobiography,Abacus,2004,"Third ",6.99,5.0,"Mandela, N. (2004). Long walk to freedom volume 1 1918-1962. (Third  ed.). Abacus.",497,English,London
9780349116303,"Long Walk to Freedom Volume 2 1962-1994","Nelson Mandela",Autobiography,Abacus,2013,First,9.99,5.0,"Mandela, N. (2013). Long walk to freedom volume 2 1962-1994. Abacus.",450,English,London
9780349117768,"Nelson Mandela in his own words","Nelson Mandela",Autobiography,Abacus,2003,First,12.99,5.0,"Mandela, N. (2003). Nelson mandela in his own words. Abacus.",558,English,London
9780062457714,"The Subtle Art of Not Giving a Fuck","Mark Manson",SElf-Help,Harper,2016,First,26.99,2.0,"Manson, M. (2016). The subtle art of not giving a fuck. Harper.",206,English,"New York"
9788420653556,"Ecce Homo",Nietzsche,Philosophy,"Alianza Editorial",2018,Fifth,10.5,5.0,"Nietzsche (2018). Ecce homo. (Fifth ed.). Alianza Editorial.",202,Spanish,Madrid
8447322726,"Así Habló Zarathustra",Nietzsche,Philosophy,"Biblioteca de los Grandes Pensadores",2002,Barcelona,10.0,4.0,"Nietzsche (2002). Así habló zarathustra. (Barcelona ed.). Biblioteca de los Grandes Pensadores.",252,Spanish,"Barcelona, Spain"
8447322734,"Más Allá del Bien y del Mal - La Genealogía de la Moral","Friederich Nietzsche",Philosophy,"Bibliotece de Pensadores",1985,First,10.0,4.0,"Nietzsche, F. (1985). Más allá del bien y del mal - la genealogía de la moral. Bibliotece de Pensadores.",415,Spanish,"Barcelona, Spain"
9788491642558,"La Batalla de Teruel","David Alegre Lorenz",War,"La esfera de los libros",2019,Tercera,23.9,5.0,"Lorenz, DA. (2019). La batalla de teruel. (Tercera ed.). La esfera de los libros.",493,Spanish,"Madrid, Spain"
9788496171169,Maigret,"Georges Simenon",Detective,Booket,2004,First,1.8,4.0,"Simenon, G. (2004). Maigret. Booket.",174,Spanish,"Barcelona, Spain"
9788435018388,"La Montaña Mágica","Thomas Mann",Fiction,"pocket edhasa",2012,FIrst,20.0,4.0,"Mann, T. (2012). La montaña mágica. pocket edhasa.",1051,Spanish,"Barcelona, Spain"
9788437607351,"El bello verano","Cesare Pavese",Fiction,"Catedra Letras Universales",2003,Third,15.0,5.0,"Pavese, C. (2003). El bello verano. (Third ed.). Catedra Letras Universales.",164,Spanish,"Madrid, Spain"
95541972,"por quién doblan las campanas","Ernest Hemingway",Fiction,"Círculo de Lectores",1972,First,1.8,4.0,"Hemingway, E. (1972). Por quién doblan las campanas. Círculo de Lectores.",549,Spanish,"Barcelona, Spain"
9788491834168,"Clientología","Alicia Rueda","Business Management","Círculo Rojo Editorial",2018,Second,10.0,1.0,"Rueda, A. (2018). Clientología. (Second ed.). Círculo Rojo Editorial.",184,Spanish,Spain
8484851265,"Memorias dun neno labrego","Xosé Neira Vilas",Fiction,"Edicios do Castro",2003,Twenty-Third,8.5,2.0,"Vilas, XN. (2003). Memorias dun neno labrego. (Twenty-Third ed.). Edicios do Castro.",186,Galego,"A Coruña, Spain"
9780141185378,"Burmese Days","George Orwell",Essai,"Penguin Classics",2001,First,8.99,3.0,"Orwell, G. (2001). Burmese days. Penguin Classics.",299,English,England
9788423336388,"Último Round","Julio Cortázar",Fiction,Destino,2005,Second,7.55,4.0,"Cortázar, J. (2005). Último round. (Second ed.). Destino.",391,Spanish,"Barcelona, Spain"
9788483465318,"Relatos de mar y tierra","Álvaro Mutis",Fiction,DeBolsillo,2008,First,9.95,5.0,"Mutis, Á. (2008). Relatos de mar y tierra. DeBolsillo.",237,Spanish,"Barcelona, Spain. "
9788497592208,"Cien años de soledad","Gabriel García Márquez",Fiction,DeBolsillo,2006,Seventh,12.3,2.0,"Márquez, GG. (2006). Cien años de soledad. (Seventh ed.). DeBolsillo.",494,Spanish,"Barcelona, Spain"
9789722120173,"A Viagem do Elefante","José Saramago",Fiction,Caminho,2008,Second,17.5,2.0,"Saramago, J. (2008). A viagem do elefante. (Second ed.). Caminho.",258,Portuguese,Portugal
9788420655444,"Ivánov; La Gaviota; Tío Ványa","Anton Chéjov",Fiction,"Alianza Editorial",2008,Second,5.99,3.0,"Chéjov, A. (2008). Ivánov; la gaviota; tío ványa. (Second ed.). Alianza Editorial.",327,Spanish,"Madrid, Spain"
9788437620329,"Memorias del subsuelo","Fiódor Dostoievski",Fiction,"Catedra Letras Universales",2013,Eight,10.4,3.0,"Dostoievski, F. (2013). Memorias del subsuelo. (Eight ed.). Catedra Letras Universales.",198,Spanish,"Madrid, Spain"
9788437622323,"La madre","Máximo Gorki",Fiction,"Catedra Letras Universales",2019,Sixth,19.9,4.0,"Gorki, M. (2019). La madre. (Sixth ed.). Catedra Letras Universales.",435,Spanish,"Madrid, Spain"
9788484373476,"Mozart i Salieri",Pushkin,Fiction,Proa,2002,First,13.5,4.0,"Pushkin (2002). Mozart i salieri. Proa.",224,Catalan,"Barcelona, Spain"
9788437606774,Fausto,Goethe,Fiction,Catedra,2007,Twelth,13.25,3.0,"Goethe (2007). Fausto. (Twelth ed.). Catedra.",440,Spanish,"Madrid, Spain"
9788420636955,"Los Justos","Albert Camus",Fiction,"Alianza Editorial",2002,First,5.4,4.0,"Camus, A. (2002). Los justos. Alianza Editorial.",139,panish,"Madrid, Spain"
9788435015066,"La Peste","Albert Camus",Fiction,Edhasa,2004,First,8.95,5.0,"Camus, A. (2004). La peste. Edhasa.",285,Spanish,"Barcelona, Spain"
9782070306022,"L'Étranger","Albert Camus",Fiction,"folioplus classiques",2008,First,4.4,4.0,"Camus, A. (2008). L'étranger. folioplus classiques.",201,French,"Barcelona, Spain"
9788420634111,"EL Señor de las Moscas","William Golding",Fiction,"Alianza Editorial",2002,First,3.0,4.0,"Golding, W. (2002). El señor de las moscas. Alianza Editorial.",249,Spanish,"Madrid, Spain"
9782070413119,"Madame Bovary",Flaubert,Fiction,Gallimard,2001,First,6.9,4.0,"Flaubert (2001). Madame bovary. Gallimard.",513,French,"Barcelona, Spain"
97820070360017,"La Condition Humaine","André Malraux",Fiction,Gallimard,2006,First,8.6,3.0,"Malraux, A. (2006). La condition humaine. Gallimard.",338,French,France
9782070368051,"La nausée","Jean-Paul Sartre",Fiction,Gallimard,2006,First,7.5,5.0,"Sartre, J. (2006). La nausée. Gallimard.",249,French,Spain
97819049919544,"A portrait of the Artist as a Young Man","James Joyce",Fiction,"Collector's Library",2005,First,8.95,4.0,"Joyce, J. (2005). A portrait of the artist as a young man. Collector's Library.",303,English,China
9788437617251,Ulises,"James Joyce",Fiction,"Catedra Letras Universales",2009,Seventh,21.37,5.0,"Joyce, J. (2009). Ulises. (Seventh ed.). Catedra Letras Universales.",910,Spanish,"Madrid, Spain"
9788420669809,"El corazón de las tinieblas","Joseph Conrad",Fiction,"Alianza Editorial",2012,First,7.6,4.0,"Conrad, J. (2012). El corazón de las tinieblas. Alianza Editorial.",183,Spanish,"Madrid, Spain"
9783596148479,"Am kürzeren Ende der Sonnenallee","Thomas Brussig",Fiction,"Fischer Taschenbuch Verlag",2012,First,8.2,3.0,"Brussig, T. (2012). Am kürzeren ende der sonnenallee. Fischer Taschenbuch Verlag.",157,German,"Berlin, Germany"
9788433968272,Lolita,"Vladimir Nabokov",Fiction,Anagrama,2005,Fifth,13.2,4.0,"Nabokov, V. (2005). Lolita. (Fifth ed.). Anagrama.",389,Spanish,"Barcelona, Spain"
14332001,"La Guerra de los Mundos","H. G. Wells",Fiction,Planeta,2001,First,2.0,4.0,"Wells, HG. (2001). La guerra de los mundos. Planeta.",176,Spanish,Spain
9788497594257,"Un Mundo Feliz","Aldous Huxley",Fiction,DeBolsillo,2008,First,11.35,4.0,"Huxley, A. (2008). Un mundo feliz. DeBolsillo.",254,Spanish,"Barcelona, Spain"
9788497599245,"Fundación","Isaac Asimov",Fiction,DeBolsillo,2008,First,11.35,4.0,"Asimov, I. (2008). Fundación. DeBolsillo.",260,Spanish,"Barcelona, Spain"
9780571227921,Testimony,"Dmitri Shostakovich",Autobiography,"faber and faber",1979,First,14.99,4.0,"Shostakovich, D. (1979). Testimony. faber and faber.",238,English,"London, UK"
9788497871686,"Viatges amb Heròdot","Ryszard Kapuscinski",Fiction,Anagrama,2006,First,13.6,4.0,"Kapuscinski, R. (2006). Viatges amb heròdot. Anagrama.",253,Catalan,"Barcelona, Spain"
9788495971531,"Historia de España","Raymond Carr",Historia,Quinteto,2003,Peninsula,7.95,4.0,"Carr, R. (2003). Historia de españa. (Peninsula ed.). Quinteto.",399,Spanish,"Barcelona, Spain"
9788493652487,Medimecum,"Luis F. Vila",Pharmacology,Adis,2012,Seventeenth,12.86,5.0,"Vila, LF. (2012). Medimecum. (Seventeenth ed.). Adis.",1332,Spanish,Spain
8473396189,Poesia,Mayakovski,Poetry,"Akal Bolsillo",1982,First,9.5,3.0,"Mayakovski (1982). Poesia. Akal Bolsillo.",183,Spanish,"Madrid, Spain"
9788475173429,"Poesías completas","Konstantino Kavafis",Poetry,"poesía Hiperión",2007,Twentieth,15.0,4.0,"Kavafis, K. (2007). Poesías completas. (Twentieth ed.). poesía Hiperión.",324,Spanish,"Madrid, Spain"
9788496601413,"Un enemigo del pueblo","Henrik Ibsen",Fiction,"Editorial Sunambilista",2007,First,12.9,4.0,"Ibsen, H. (2007). Un enemigo del pueblo. Editorial Sunambilista.",185,Spanish,"Madrid, Spain"
9788467021509,"Poesías Completas","Antonio Machado",Poetry,Austral,2006,42nd,9.95,4.0,"Machado, A. (2006). Poesías completas. (42nd ed.). Austral.",519,Spanish,"Madrid, Spain"
9788467038019,Macbeth,"William Shakespeare",Theatre,Austral,2007,Eleventh,7.55,4.0,"Shakespeare, W. (2007). Macbeth. (Eleventh ed.). Austral.",151,Spanish,"Madrid, Spain"
9788437600017,"El hombre y su poesía","Miguel Hernández",Poetry,"Catedra Letras Hispanicas",1996,First,9.0,5.0,"Hernández, M. (1996). El hombre y su poesía. Catedra Letras Hispanicas.",243,Spanish,"Madrid, Spain"
9788420634562,"Hojas de hierba","Walt Whitman",Poetry,"Alianza Editorial",2006,Fifth,13.25,4.0,"Whitman, W. (2006). Hojas de hierba. (Fifth ed.). Alianza Editorial.",270,Spanish,"Madrid, Spain"
9788497884020,"El teatre contemporani","Mercè Saumell",Theatre,UOC,2006,First,5.99,3.0,"Saumell, M. (2006). El teatre contemporani. UOC.",65,Catalan,"Barcelona, Spain. "
9788467033380,Hamlet,"William Shakespeare",Theatre,Austral,2011,Second,9.45,5.0,"Shakespeare, W. (2011). Hamlet. (Second ed.). Austral.",302,Spanish,"Madrid, Spain"
9788437605364,Othello,"William Shakespeare",Theatre,"Catedra Letras Universales",2004,Eighth,6.97,5.0,"Shakespeare, W. (2004). Othello. (Eighth ed.). Catedra Letras Universales.",293,Spanish,"Madrid, Spain"
9780857501004,"A Brief History of Time","Stephen Hawking",Essai,penguin,2016,First,9.99,4.0,"Hawking, S. (2016). A brief history of time. penguin.",253,English,"Great Britain"
9788472632523,"Els verbs catalans conjugats","Joan Baptista Xuriguera",Language,Claret,2000,Eighth,10.0,4.0,"Xuriguera, JB. (2000). Els verbs catalans conjugats. (Eighth ed.). Claret.",318,Catalan,"Barcelona, Spain"
9788437609539,"Las flores del mal","Charles Baudelaire",Poetry,"Catedra letras universales",2006,Tenth,12.3,4.0,"Baudelaire, C. (2006). Las flores del mal. (Tenth ed.). Catedra letras universales.",610,Spanish,"Madrid, Spain. "
9788422675099,"Poesía Completa","Arthur Rimbaud",Poetry,"Círculo de Lectores",1998,First,20.0,5.0,"Rimbaud, A. (1998). Poesía completa. Círculo de Lectores.",463,Spanish,"Barcelona, Spain"
9788420673547,"Antología Poética","Mario Benedetti",Poetry,"Alianza Editorial",2005,Third,5.69,5.0,"Benedetti, M. (2005). Antología poética. (Third ed.). Alianza Editorial.",304,Spanish,"Madrid, Spain"
9789706331816,"Poemas 1912-1920","Vladimir Mayakovski",Poetry,"Ediciones Coyoacán",2000,First,10.0,5.0,"Mayakovski, V. (2000). Poemas 1912-1920. Ediciones Coyoacán.",231,Spanish,"México"
9780857088444,"The interpretation of dreams ","Sigmund Freud","Psychology, Psychoanalysis",Capstone,2020,First,9.99,3.0,"Freud, S. (2020). The interpretation of dreams . Capstone.",560,English,"New Delhi, India"
8423997510,"Caos y Orden","Antonio Escohotado",Essai,Espasa,1999,First,29.0,2.0,"Escohotado, A. (1999). Caos y orden. Espasa.",390,Spanish,Spain
9788481097016,"El canto de las sirenas","Eugenio Trías",Essai,"Galaxia Gutenberg",2006,First,22.8,5.0,"Trías, E. (2006). El canto de las sirenas. Galaxia Gutenberg.",1005,Spanish,"Barcelona, Spain"
9788420467931,"Los libros arden mal","Manuel Rivas",Fiction,Alfaguara,2006,First,18.9,5.0,"Rivas, M. (2006). Los libros arden mal. Alfaguara.",610,Spanish,"Madrid, Spain"
9788429756715,"La Fábrica (1970-1971)","Miquel Martí i Pol",Poetry,"Edicions 62",2006,Fourth,9.45,5.0,"Pol, MMi. (2006). La fábrica (1970-1971). (Fourth ed.). Edicions 62.",75,Catalan,"Barcelona, Spain"
9788437623078,"José de Espronceda Obras Completas","José de Espronceda","Essai, History","Cátedra",2006,First,45.55,4.0,"Espronceda, Jd. (2006). José de espronceda obras completas. Cátedra.",1469,Spanish,Spain
9788437503745,"Economia y Sociedad","Max Weber",Sociology,"Fondo de Cultura Económica",2002,Second,40.0,5.0,"Weber, M. (2002). Economia y sociedad. (Second ed.). Fondo de Cultura Económica.",1244,Spanish,"Madrid, Spain"
9782213027647,"Hitoire du Nouveau Monde","Carmen Bernard; Serge Gruzinski",History,Fayard,1991,First,20.0,4.0,"Gruzinski, CBS. (1991). Hitoire du nouveau monde. Fayard.",761,French,France
9782859529673,"Faire de la Santé Publique","Didier Fassin","Sociology; Public Policy",EHESP,2008,Second,5.0,3.0,"Fassin, D. (2008). Faire de la santé publique. (Second ed.). EHESP.",69,French,"Dijon, France"
9788420441702,"La Carta Esférica","Arturo Pérez-Reverte",Fiction,Alfaguara,2000,First,20.0,3.0,"Pérez-Reverte, A. (2000). La carta esférica. Alfaguara.",590,Spanish,"Madrid, Spain"
9788475965345,Obreda,Perejaume,Poetry,"Edicions 62",2003,First,22.0,5.0,"Perejaume (2003). Obreda. Edicions 62.",333,Catalan,"Barcelona, Spain"
9788499926223,"Sapiens; de animales a dioses","Yuval Noah Harari",Fiction,Debate,2016,Eighth,20.0,3.0,"Harari, YN. (2016). Sapiens; de animales a dioses. (Eighth ed.). Debate.",492,Spanish,"Barcelona, Spain"
9788492946358,"Libertad de Conciencia el ataque a la igualdad de respeto","Martha C. Nussbaum",Essai,"Katz CCCB",2010,First,10.0,4.0,"Nussbaum, MC. (2010). Libertad de conciencia el ataque a la igualdad de respeto. Katz CCCB.",96,Spanish,"Barcelona, Spain"
9788475175829,"Hiperión o la ermita en Grecia","Friederich Hölderlin",Essai,Hiperion,2007,27th,15.0,4.0,"Hölderlin, F. (2007). Hiperión o la ermita en grecia. (27th ed.). Hiperion.",213,Spanish,"Madrid Spain"
9788490325469,"Tu rostro mañana","Javier Marías",Fiction,DeBolsillo,2013,First,15.0,4.0,"Marías, J. (2013). Tu rostro mañana. DeBolsillo.",1342,Spanish,"Barcelona, Spain"
9781407539034,Wok,"Almudena Sasiain",Cuisine,Parragon,2002,First,7.95,2.0,"Sasiain, A. (2002). Wok. Parragon.",256,Spanish,"Barcelona, Spain"
9788425434402,"Guía de lectura de Ser y Tiempo de Martin Heidegger","Jesús Adrián Escudero",Philosophy,Herder,2016,First,20.0,4.0,"Escudero, JA. (2016). Guía de lectura de ser y tiempo de martin heidegger. Herder.",390,Spanish,"Barcelpona, Spain"
9788498790474,"Ser y Tiempo","Martin Heidegger",Philosophy,Trotta,2020,First,30.0,4.0,"Heidegger, M. (2020). Ser y tiempo. Trotta.",490,Spanish,"Madrid, Spain"
9782020324014,"Naissance de la Biopolitique","Michel Foucault","Essai, Sociology","Gallimard Seuil",2004,First,26.5,4.0,"Foucault, M. (2004). Naissance de la biopolitique. Gallimard Seuil.",355,French,"Paris, France"
9788420672380,"EL Hombre Rebelde","Albert Camus","Essai, Sociology","Alianza Editorial",2011,First,10.0,5.0,"Camus, A. (2011). El hombre rebelde. Alianza Editorial.",357,Spanish,"Madrid, Spain"
9788420660974,"EL concepto de Angustia","Soren Kierkeegard",Philosophy,"Alianza Editorial",2007,First,7.5,3.0,"Kierkeegard, S. (2007). El concepto de angustia. Alianza Editorial.",284,Spanish,"Madrid, Spain"
9788496375376,"Diario del seductor","Soren Kierkeegard",Philosophy,Losada,2006,First,15.19,2.0,"Kierkeegard, S. (2006). Diario del seductor. Losada.",234,Spanish,"Oviedo, Spain"
9788498790559,"Ejercitación del Cristianismo","Soren Kierkegaard","Philosophy, Religion",Trotta,2009,First,17.0,4.0,"Kierkegaard, S. (2009). Ejercitación del cristianismo. Trotta.",254,Spanish,"Madrid, Spain"
9788425428685,"La Sociedad del Cansancio","Byung-Chul Han","Sociology, Essai",Herder,2012,First,12.5,4.0,"Han, B. (2012). La sociedad del cansancio. Herder.",79,Spanish,"Madrid, Spain"
9788433964373,"Las mejores palabras","Daniel Gamper","Essai, Philosophy",Anagrama,2019,First,17.0,4.0,"Gamper, D. (2019). Las mejores palabras. Anagrama.",157,Spanish,"Barcelona, Spain"
9788484379027,"Assaigs Llibre Primer","Michel de Montaigne","Philosophy, Essai",Proa,2006,First,27.4,4.0,"Montaigne, Md. (2006). Assaigs llibre primer. Proa.",543,Catalan,"Barcelona, Spain"
9788425424946,"Hannah Arendt: una filosofía de la Natalidad","Fernando Bárcena","Essai, Philosophy",Herder,2006,First,18.8,5.0,"Bárcena, F. (2006). Hannah arendt:  una filosofía de la natalidad. Herder.",285,Spanish,"Barcelona, Spain"
2070293351,"Les mots et les choses","Michel Foucault","Essai, Sociology","Tell Gallimard",2005,First,10.5,4.0,"Foucault, M. (2005). Les mots et les choses. Tell Gallimard.",400,"Français","Paris, France"
9788420641010,"La Rebelión de las Masas","Ortega y Gasset","Essai, Philosophy, Policital Science, Sociology","Alianza Editorial",2005,First,5.0,5.0,"Gasset, Oy. (2005). La rebelión de las masas. Alianza Editorial.",293,Spanish,"Madrid, Spain"
9788420641119,"Meditación del pueblo joven y otros ensayos sobre américa","Ortega y Gasset","Essai, Philosophy, Sociology, ","Alianza Editorial",1995,First,10.0,3.0,"Gasset, Oy. (1995). Meditación del pueblo joven y otros ensayos sobre américa. Alianza Editorial.",236,Spanish,"Madrid, Spain"
9788420641225,"Misión de la Universidad","Ortega y Gasset","Essai, Sociology","Alianza Editorial",2002,First,10.0,5.0,"Gasset, Oy. (2002). Misión de la universidad. Alianza Editorial.",238,Spanish,"Madrid, Spain"
8420641316,"Sobre la caza, los toros, y el toreo","Ortega y Gasset","Essai, Sociology","Alianza Editorial",1986,First,10.0,2.0,"Gasset, Oy. (1986). Sobre la caza, los toros, y el toreo. Alianza Editorial.",169,Spanish,"Madrid, Spain"
8420641235,"Kant, Hegel, Scheller","Ortega y Gasset","Philosophy, Essai. ","Alianza Editorial",1983,First,10.0,2.0,"Gasset, Oy. (1983). Kant, hegel, scheller. Alianza Editorial.",149,Spanish,"Madrid, Spain"
9788429757408,"Trilogia d'Auschwitz","Primo Levi","Essai, Political Philosophy","Edicions 62",2005,First,25.0,5.0,"Levi, P. (2005). Trilogia d'auschwitz. Edicions 62.",539,Catalan,"Barcelona, Spain"
9782130536390,"Naissance de la Clinique","Michel Foucault","Essai, Sociology",puf,1963,First,10.0,4.0,"Foucault, M. (1963). Naissance de la clinique. puf.",214,French,"Paris, France"
9788481912951,"Diarios de Juventud","Rainer Maria Rilke",History,Pre-textos,2000,FIrst,15.0,4.0,"Rilke, RM. (2000). Diarios de juventud. Pre-textos.",349,Spanish,"Madrid, Spain"
8447337456,"Obras Completas II","Sigmund Freud",Psychoanalyse,RBA,2006,First,20.0,5.0,"Freud, S. (2006). Obras completas ii. RBA.",1528,Spanish,"Madrid, Spain"
9788497939935,"La forja de un rebelde","Arturo Barea",Fiction,DeBolsillo,2014,Ninth,25.0,4.0,"Barea, A. (2014). La forja de un rebelde. (Ninth ed.). DeBolsillo.",1197,Spanish,"Barcelona, Spain"
9788492480142,"Pedro Páramo","Juan Rulfo",Fiction,RMPerfiles,2011,First,10.0,4.0,"Rulfo, J. (2011). Pedro páramo. RMPerfiles.",110,Spanish,"Barcelona, Spain"
9788437607290,"Divina Comedia","Dante Aligheri",Fiction,"Cátedra",2012,14,15.0,5.0,"Aligheri, D. (2012). Divina comedia. (14 ed.). Cátedra.",766,Spanish,"Madrid, Spain"
9781788738538,"Minima Moralia Reflections from Damaged Life","Theodor Adorno",Essai,"Verso Books",2020,First,10.0,3.0,"Adorno, T. (2020). Minima moralia reflections from damaged life. Verso Books.",268,English,"Edinburgh, UK"
9780521654739,"The Cambridge Companion to Dostoevskii","W.J. Leatherbarrow",Essai,Cambridge,2007,First,31.54,5.0,"Leatherbarrow, W. (2007). The cambridge companion to dostoevskii. Cambridge.",244,English,"Cambridge, United Kingdom"
9788417368739,"Escapada Azul Teruel","Paloma Ledrado Villafuertes","Tourism; Geography",Gaesa,2018,First,10.0,2.0,"Villafuertes, PL. (2018). Escapada azul teruel. Gaesa.",153,Spanish,"Madrid, Spain"
9788412336221,"La Batalla de Belchite","Eladio Romero García; Iván Romero Catalán","War; History",Almena,2021,First,20.0,3.0,"Catalán, ERGIR. (2021). La batalla de belchite. Almena.",296,Spanish,"Madird, Spain"
9780805031492,"Escape from Freedom","Erich From",Essai,"Holt Paperback",1994,First,19.0,5.0,"From, E. (1994). Escape from freedom. Holt Paperback.",296,English,"New York, USA"
9782845860018,"Les enjeux politiques de la santé","Didier Fassin","Essai; Sociology; Health",Karthala,2000,First,228.26,3.0,"Fassin, D. (2000). Les enjeux politiques de la santé. Karthala.",342,French,"Paris, France"
9782070724901,"À la recherche du temps perdu: I Du côté de chez Swann","Marcel Proust",Fiction,Gallimard,2012,First,22.5,3.0,"Proust, M. (2012). À la recherche du temps perdu:  i du côté de chez swann. Gallimard.",403,French,"Paris, France"
9788420660639,"Los hermanos Karamázov 1","F.M. Dostoyevski",Fiction,"Alianza Editorial",2006,First,19.0,5.0,"Dostoyevski, F. (2006). Los hermanos karamázov 1. Alianza Editorial.",494,Spanish,"Madird, Spain"
9788420660646,"Los hermanos Karamázov 2","F.M. Dostoyevski",Fiction,"Alianza Editorial",2006,First,19.0,5.0,"Dostoyevski, F. (2006). Los hermanos karamázov 2. Alianza Editorial.",1168,Spanish,"Madrid, Spain"
9788420682594,"La Inquisición española","José Martínez Millán",History,"Alianza Editorial",2009,First,15.15,4.0,"Millán, JM. (2009). La inquisición española. Alianza Editorial.",457,Spanish,"Madrid, Spain"
9782020371230,"Histoire des pratiques de santé","Georges Vigarello",History,"Éditions du Seuil",1999,Second,7.8,2.0,"Vigarello, G. (1999). Histoire des pratiques de santé. (Second ed.). Éditions du Seuil.",390,French,"Paris, France"
9782020920926,"La misère du monde","Pierre Bourdieu",Sociology,"Éditions du Seuil",1993,First,11.7,5.0,"Bourdieu, P. (1993). La misère du monde. Éditions du Seuil.",1460,French,"Paris, France"
9788475778969,"los científicos, la ciencia y la humanidad","Max F. Perutz","Science; Sociology",Granica,2002,First,20.4,4.0,"Perutz, MF. (2002). Los científicos, la ciencia y la humanidad. Granica.",454,Spanish,"Barcelona, Spain"
9788418213311,"Ansiedad ¡estoy hasta los huevos!","Shaila Romero Ferrer",Psychology;,"Autoedición",2019,First,15.0,4.0,"Ferrer, SR. (2019). Ansiedad ¡estoy hasta los huevos!. Autoedición.",217,Spanish,Italy
9781783787340,Stasiland,"Anna Funder",History,Granta,2003,First,10.0,4.0,"Funder, A. (2003). Stasiland. Granta.",288,English,"London, United Kingdom"
9780140445756,Grundrisse,"Karl Marx","Essai; Sociology; Economics; History","Penguin Classics",1993,First,22.0,4.0,"Marx, K. (1993). Grundrisse. Penguin Classics.",904,English,"United Kigndom"
9782253073956,Inhumaines,"Philippe Claudel",Fiction,"Le Livre de Poche",2018,First,6.9,4.0,"Claudel, P. (2018). Inhumaines. Le Livre de Poche.",131,French,"Paris, France"
9780198245971,"Hegel's Phenomenology of Spirit",Hegel,Philosophy,"Oxford University Press",1973,First,20.0,3.0,"Hegel (1973). Hegel's phenomenology of spirit. Oxford University Press.",594,English,USA
9782757874073,"Sociologie Générale Volume 1 Cours au Collège de France (1981-1983)","Pierre Bourdieu",Sociologie,"Raisons d'Agir/Seuil",2015,First,14.5,4.0,"Bourdieu, P. (2015). Sociologie générale volume 1 cours au collège de france (1981-1983). Raisons d'Agir/Seuil.",731,French,"Paris, France"
9780575076372,Hyperion,"Dan Simmons","Science Fiction","Orion books",2004,First,10.0,3.0,"Simmons, D. (2004). Hyperion. Orion books.",473,English,"United Kingdom"
9781250097446,"The Big Green Tent","Ludmila Ulitskaya","Fiction; History","Picador, Farrar, Straus and Giroux",2017,First,23.0,5.0,"Ulitskaya, L. (2017). The big green tent. Picador, Farrar, Straus and Giroux.",576,English,"United States of America"
9788416034109,"El libro rojo de Mao","Mao Zedong",History,"Espuela de Plata",2014,First,20.0,3.0,"Zedong, M. (2014). El libro rojo de mao. Espuela de Plata.",241,Spanish,Spain
521424852,"The Cambridge Companion to Brecht","Peter Thomson; Glendyr Sacks",Literature,"Cambridge University Press",1994,First,11.95,4.0,"Sacks, PTG. (1994). The cambridge companion to brecht. Cambridge University Press.",302,English,"London, UK"
9788477389781,"Pensamiento Filosófico Español","Maceiras Fafián (editor)","Filosofía","Síntesis",2010,First,34.0,4.0,"(editor), MF. (2010). Pensamiento filosófico español. Síntesis.",335,Spanish,"Madrid, Spain. "
9788418370311,"Humano, más humano","Josep Maria Esquirol",Philosophy,Acantilado,2021,First,20.0,5.0,"Esquirol, JM. (2021). Humano, más humano. Acantilado.",173,Spanish,"Barcelona, Spain"
9788416011445,"La resistencia íntima","Josep Maria Esquirol",Philosophy,First,2015,First,20.0,4.0,"Esquirol, JM. (2015). La resistencia íntima. First.",177,Spanish,"Barcelona, Spain"
9781801817479,"The Kaggle Book","Konrad Banachewicz; Luca Massaron",Python,Packt,2022,First,30.0,5.0,"Massaron, KBL. (2022). The kaggle book. Packt.",506,English,"Birmingham, UK"
9781608464753,"Marx's Capital and Hegel's Logic","Fred Moseley; Tony Smith","Sociology; Philosophy","Haymarket books",2014,First,30.0,4.0,"Smith, FMT. (2014). Marx's capital and hegel's logic. Haymarket books.",336,English,Netherlands
9788420697291,"Los judíos","Jesús Mosterín",Sociology,"Alianza Editorial",2017,Second,10.0,3.0,"Mosterín, J. (2017). Los judíos. (Second ed.). Alianza Editorial.",350,Spanish,"Madrid, Spain"
0140975M,"Las luchas de clases en Francia","Karl Marx",Sociology,Claridad,1968,Second,9.0,1.0,"Marx, K. (1968). Las luchas de clases en francia. (Second ed.). Claridad.",211,Spanish,"Buenos Aires, Argentina"
9780745643281,Habermas,"William Outhwaite",Philosophy,polity,2009,Second,20.0,3.0,"Outhwaite, W. (2009). Habermas. (Second ed.). polity.",218,English,"Cambridge, UK"
9780631232827,Kant,"Allen W. Wood",Philosophy,Blackwell,2008,First,20.0,3.0,"Wood, AW. (2008). Kant. Blackwell.",195,English,Germany
9788490551110,"YOUCAT Libro de Catequesis para la confirmación","Nils Baer",Religion,Encuentro,2024,Ninth,10.0,3.0,"Baer, N. (2024). Youcat libro de catequesis para la confirmación. (Ninth ed.). Encuentro.",103,Spanish,"Madrid, Spain"
9788490550588,"YOUCAT Tu libro de oración","Georg Von Lengerke; Dorte Schromges",Religion,Encuentro,2023,Tenth,10.0,3.0,"Schromges, GVLD. (2023). Youcat tu libro de oración. (Tenth ed.). Encuentro.",175,Spanish,"Madrid, Spain"
9798854584289,"Aprende a Programar con Python","Antonio Padial Soler",Python,"Antonio Padial Soler",2023,First,10.0,3.0,"Soler, AP. (2023). Aprende a programar con python. Antonio Padial Soler.",289,Spanish,Italy
9781847941831,"Atomic Habits","James Clear",Self-Help,Avery,2018,First,20.0,3.0,"Clear, J. (2018). Atomic habits. Avery.",306,English,"London, United Kingdom"
9780140445053,"Poor Folk and Other Stories","Fyodor Dostoyevsky",Fiction,"Penguin Classics",1988,First,15.0,3.0,"Dostoyevsky, F. (1988). Poor folk and other stories. Penguin Classics.",271,English,"London, Great Britain"
9788498796032,"Cuadernos Negros 1931-1938","Martin Heidegger",Philosophy,Trotta,2015,First,20.0,4.0,"Heidegger, M. (2015). Cuadernos negros 1931-1938. Trotta.",420,Spanish,"Madrid, Spain"
8447331946,"Libertad de Elegir","Milton & Rose Fiedman",Philosophy,"Biblioteca de Grandes Pensadores RBA",2004,First,10.0,3.0,"Fiedman, M&R. (2004). Libertad de elegir. Biblioteca de Grandes Pensadores RBA.",441,Spanish,"Barcelona, Spain"
9780465082735,"The Essential Talmud","Adin Steinsaltz",Religion,"Basic Books",2006,Thirtieth,15.0,4.0,"Steinsaltz, A. (2006). The essential talmud. (Thirtieth ed.). Basic Books.",327,English,"New York, USA"
9788480234085,"Guía Azul Barcelona","Guías Azules",Tourism,Gaesa,2002,First,16.0,3.0,"Azules, G. (2002). Guía azul barcelona. Gaesa.",512,Spanish,"Madrid, Spain"
9788408099383,"Soseki Inmortal y Tigre","Fernando Sánchez Dragó",FIction,planeta,2011,First,10.0,2.0,"Dragó, FS. (2011). Soseki inmortal y tigre. planeta.",352,Spanish,"Madrid, Spain"
9788484470380,"Doña Perfecta","Benito Pérez Galdós",Fiction,"Ediciones Rueda",2001,First,5.0,2.0,"Galdós, BP. (2001). Doña perfecta. Ediciones Rueda.",195,Spanish,"Madrid, Spain"
9781292005072,"Investing The Definitive Companion to Investment and the financial markets","Glen Arnold",Finance,Pearson,2014,First,27.99,4.0,"Arnold, G. (2014). Investing the definitive companion to investment and the financial markets. Pearson.",563,English,"Cambridge, UK"
9788493760151,"Soy un gato","Natsume Soseki",Fiction,Impedimenta,2017,"Twenty Second",20.0,2.0,"Soseki, N. (2017). Soy un gato. (Twenty Second ed.). Impedimenta.",646,Spanish,"Salamanca, Spain"
333693299,"Class, Inequalities and Nursing Practice","Margaret Miers","Sociology; Nursing","Palgrave Macmillan",2003,First,15.0,4.0,"Miers, M. (2003). Class, inequalities and nursing practice. Palgrave Macmillan.",263,English,"New York, USA"
9781403943118,"Risk and Nursing Practice","Paul Godin","Sociology; Nursing","Palgrave, MacMillan",2006,First,15.0,3.0,"Godin, P. (2006). Risk and nursing practice. Palgrave, MacMillan.",220,English,"New York, USA"
333691962,"Power and Nursing Practice","Geoff Wilkinson; Margaret Miers","Sociology; Nursing",Macmillan,1999,First,15.0,2.0,"Miers, GWM. (1999). Power and nursing practice. Macmillan.",244,English,"Hampshire, United Kingdom"
9780415202282,"Sociology and Nursing","Peter Morrall","Sociology, Nursing",Routledge,2001,First,15.0,3.0,"Morrall, P. (2001). Sociology and nursing. Routledge.",217,English,"London, United Kingdom"
9788432921377,"El arte de seducir","Elizabeth Clark",Essai,paradummies,2011,First,15.0,3.0,"Clark, E. (2011). El arte de seducir. paradummies.",327,Spanish,"Barcelona, Spain"
9788432319181,"Antonio Gramsci La pasión de estar en el mundo","Diego Fusaro",Sociology,"Siglo XXI",2015,First,18.0,3.0,"Fusaro, D. (2015). Antonio gramsci la pasión de estar en el mundo. Siglo XXI.",191,Spanish,"Madrid, Spain"
9788446012498,"De Atenas a Jersusalén Pensadores judíos de la Modernidad","Reyes Mate","Sociology; Religion",Akal,1999,First,10.0,2.0,"Mate, R. (1999). De atenas a jersusalén pensadores judíos de la modernidad. Akal.",87,Spanish,"Madird, Spain"
